uf,ano,mes,chuva_mm,temp_c,media_chuva_mm,media_temp_c,anomalia_chuva,anomalia_temp,ipca_acum_ano,ipca_var_mensal
BA,2020,1,12190.0,26.082790723390588,7462.719999999999,25.982088500592,4727.280000000001,0.10070222279858854,0.94,0.94
BA,2020,2,4710.4,26.433691952396025,4686.639999999999,26.185594315874027,23.76000000000022,0.24809763652199734,1.7,0.75
BA,2020,3,14325.6,25.476740070852195,5819.84,26.163660740471773,8505.76,-0.6869206696195782,2.29,0.59
BA,2020,4,11212.4,24.938679966962635,7268.08,25.60796354578259,3944.3199999999997,-0.6692835788199538,4.69,2.34
BA,2020,5,6690.0,23.672061839627474,3942.4800000000005,24.223799772374527,2747.5199999999995,-0.5517379327470522,5.92,1.18
BA,2020,6,5374.8,22.65333027277831,3226.0,23.158492438287233,2148.8,-0.5051621655089242,6.66,0.7
BA,2020,7,4496.0,22.065835810242714,2762.2400000000002,22.70659779705152,1733.7599999999998,-0.6407619868088048,8.09,1.34
BA,2020,8,3852.4,22.540853706061974,2379.2,23.343745564000084,1473.2000000000003,-0.8028918579381106,7.88,-0.19
BA,2020,9,1734.4,24.269619324652208,1537.44,24.882797472059092,196.96000000000004,-0.6131781474068845,10.01,1.97
BA,2020,10,3770.4,26.478658192313137,2772.32,26.564816222205234,998.0799999999999,-0.08615802989209698,11.41,1.27
BA,2020,11,7529.2,25.003444706761126,8040.08,25.64741481797629,-510.8800000000001,-0.6439701112151646,13.76,2.11
BA,2020,12,998.4,26.069906166198397,6599.68,26.11164018115565,-5601.280000000001,-0.04173401495725315,14.04,0.25
BA,2021,1,2992.8,26.28078624810706,7462.719999999999,25.982088500592,-4469.919999999999,0.2986977475150603,1.08,1.08
BA,2021,2,3329.6,26.095938343636828,4686.639999999999,26.185594315874027,-1357.0399999999995,-0.08965597223719968,1.7,0.62
BA,2021,3,911.2,26.684622835646874,5819.84,26.163660740471773,-4908.64,0.5209620951751006,2.3,0.59
BA,2021,4,4226.8,25.813375097826793,7268.08,25.60796354578259,-3041.2799999999997,0.20541155204420392,2.83,0.53
BA,2021,5,1361.2,24.27563710631421,3942.4800000000005,24.223799772374527,-2581.2800000000007,0.051837333939683816,3.16,0.32
BA,2021,6,1554.4,23.944840827020453,3226.0,23.158492438287233,-1671.6,0.7863483887332201,4.22,1.02
BA,2021,7,2242.8,23.357484696855153,2762.2400000000002,22.70659779705152,-519.44,0.6508868998036341,4.86,0.62
BA,2021,8,1305.6,23.442552577642214,2379.2,23.343745564000084,-1073.6,0.09880701364212996,5.94,1.02
BA,2021,9,456.40000000000003,25.81805648631361,1537.44,24.882797472059092,-1081.04,0.9352590142545161,6.5,0.54
BA,2021,10,3721.6,26.59074830232233,2772.32,26.564816222205234,949.2799999999997,0.025932080117094358,7.6,1.03
BA,2021,11,10185.2,25.19481199930396,8040.08,25.64741481797629,2145.120000000001,-0.4526028186723323,8.53,0.87
BA,2021,12,13898.4,24.793858319548924,6599.68,26.11164018115565,7298.719999999999,-1.3177818616067256,10.11,1.45
BA,2022,1,4373.6,25.015617577795133,7462.719999999999,25.982088500592,-3089.119999999999,-0.9664709227968658,1.14,1.14
BA,2022,2,3163.2,25.85379249568434,4686.639999999999,26.185594315874027,-1523.4399999999996,-0.33180182018968907,2.69,1.54
BA,2022,3,5020.0,25.457544264528043,5819.84,26.163660740471773,-799.8400000000001,-0.7061164759437304,4.64,1.89
BA,2022,4,5019.2,25.44093965633503,7268.08,25.60796354578259,-2248.88,-0.16702388944755953,6.96,2.22
BA,2022,5,2487.6,24.15279062688498,3942.4800000000005,24.223799772374527,-1454.8800000000006,-0.07100914548954762,7.97,0.94
BA,2022,6,1274.0,22.857907313504,3226.0,23.158492438287233,-1952.0,-0.3005851247832325,8.39,0.39
BA,2022,7,2216.8,22.58705641254157,2762.2400000000002,22.70659779705152,-545.44,-0.11954138450994733,9.14,0.7
BA,2022,8,1736.8,23.223336745962378,2379.2,23.343745564000084,-642.3999999999999,-0.12040881803770631,10.12,0.9
BA,2022,9,2333.6,24.499928976431235,1537.44,24.882797472059092,796.1599999999999,-0.3828684956278572,10.19,0.06
BA,2022,10,2968.8,26.181295418631674,2772.32,26.564816222205234,196.48000000000002,-0.38352080357356044,10.4,0.19
BA,2022,11,13849.2,24.6125240736871,8040.08,25.64741481797629,5809.120000000001,-1.0348907442891893,10.94,0.48
BA,2022,12,12320.0,24.951389657061966,6599.68,26.11164018115565,5720.32,-1.1602505240936836,11.87,0.84
BA,2023,1,6394.8,25.598788458566666,7462.719999999999,25.982088500592,-1067.9199999999992,-0.38330004202533274,0.87,0.87
BA,2023,2,2646.0,26.461220152308368,4686.639999999999,26.185594315874027,-2040.6399999999994,0.27562583643434024,0.66,-0.21
BA,2023,3,5409.2,25.93201019286673,5819.84,26.163660740471773,-410.6400000000003,-0.23165054760504233,0.82,0.16
BA,2023,4,5794.400000000001,25.81386623680269,7268.08,25.60796354578259,-1473.6799999999994,0.20590269102009984,1.01,0.18
BA,2023,5,4431.6,24.245558649367027,3942.4800000000005,24.223799772374527,489.1199999999999,0.02175887699250012,2.02,1.0
BA,2023,6,2691.2,22.92724741817406,3226.0,23.158492438287233,-534.8000000000002,-0.2312450201131746,1.06,-0.94
BA,2023,7,2578.4,22.784424160159286,2762.2400000000002,22.70659779705152,-183.84000000000015,0.0778263631077678,0.36,-0.7
BA,2023,8,2018.8,24.04265648340843,2379.2,23.343745564000084,-360.39999999999986,0.6989109194083447,-0.32,-0.67
BA,2023,9,2019.6000000000001,25.25066694859749,1537.44,24.882797472059092,482.1600000000001,0.36786947653839874,-1.47,-1.16
BA,2023,10,1330.8,26.904649908976488,2772.32,26.564816222205234,-1441.5200000000002,0.3398336867712537,-1.37,0.11
BA,2023,11,2246.0,27.35586473473624,8040.08,25.64741481797629,-5794.08,1.7084499167599496,-1.49,-0.12
BA,2023,12,4472.4,27.52933650327366,6599.68,26.11164018115565,-2127.2800000000007,1.4176963221180117,-0.39,1.11
BA,2024,1,11362.4,26.932459495100545,7462.719999999999,25.982088500592,3899.6800000000003,0.9503709945085461,1.38,1.38
BA,2024,2,9584.0,26.083328635344564,4686.639999999999,26.185594315874027,4897.360000000001,-0.10226568052946305,2.5,1.11
BA,2024,3,3433.2,27.267386338465027,5819.84,26.163660740471773,-2386.6400000000003,1.1037255979932539,2.82,0.31
BA,2024,4,10087.6,26.0329567709858,7268.08,25.60796354578259,2819.5200000000004,0.4249932252032096,3.92,1.07
BA,2024,5,4742.0,24.77295063967895,3942.4800000000005,24.223799772374527,799.5199999999995,0.549150867304423,4.53,0.59
BA,2024,6,5235.6,23.409136359959344,3226.0,23.158492438287233,2009.6000000000004,0.25064392167211125,4.54,0.0
BA,2024,7,2277.2,22.73818790545886,2762.2400000000002,22.70659779705152,-485.0400000000004,0.03159010840734311,3.83,-0.67
BA,2024,8,2982.4,23.469328306925426,2379.2,23.343745564000084,603.2000000000003,0.12558274292534222,2.33,-1.44
BA,2024,9,1143.2,24.57571562430092,1537.44,24.882797472059092,-394.24,-0.30708184775817315,2.06,-0.26
BA,2024,10,2070.0,26.668729288782544,2772.32,26.564816222205234,-702.3200000000002,0.10391306657730937,2.56,0.49
BA,2024,11,6390.8,26.070428575393034,8040.08,25.64741481797629,-1649.2799999999997,0.42301375741674363,4.1,1.5
BA,2024,12,1309.2,27.213710259695297,6599.68,26.11164018115565,-5290.4800000000005,1.1020700785396471,5.62,1.46
ES,2020,1,6619.2,25.46125157732464,4379.68,25.426504495001303,2239.5199999999995,0.03474708232333512,0.86,0.86
ES,2020,2,3379.2,25.690292086782648,3739.6,25.459932593703623,-360.4000000000001,0.2303594930790247,0.69,-0.16
ES,2020,3,4460.0,24.36684552179129,2631.12,25.5447080698475,1828.88,-1.1778625480562077,2.48,1.78
ES,2020,4,774.0,23.75112729053214,1282.6399999999999,24.069755380146,-508.6399999999999,-0.3186280896138598,4.84,2.3
ES,2020,5,824.8,22.28843118531157,848.8,22.515301238769304,-24.0,-0.22687005345773414,5.39,0.53
ES,2020,6,759.2,21.68653903903904,498.08000000000004,21.184171540033933,261.12,0.502367499005107,5.73,0.32
ES,2020,7,1073.6,21.26912811402434,755.76,20.86886054878049,317.8399999999999,0.4002675652438512,5.14,-0.55
ES,2020,8,560.4,21.54074449023305,1163.04,21.306052733907645,-602.64,0.23469175632540384,6.95,1.72
ES,2020,9,1067.2,23.51575907864784,810.08,22.91611336619357,257.12,0.5996457124542687,10.35,3.17
ES,2020,10,3485.2,23.95102218960783,3071.6800000000003,23.814136604835355,413.5199999999995,0.13688558477247526,13.75,3.08
ES,2020,11,1778.4,23.710449836098785,3824.6400000000003,23.763306788465755,-2046.2400000000002,-0.05285695236696952,17.29,3.12
ES,2020,12,3085.6,25.92311945691984,4842.719999999999,25.05094351374943,-1757.1199999999994,0.8721759431704079,18.35,0.9
ES,2021,1,864.0,25.68714382179327,4379.68,25.426504495001303,-3515.6800000000003,0.2606393267919671,0.9,0.9
ES,2021,2,4760.8,24.929377311999595,3739.6,25.459932593703623,1021.2000000000003,-0.5305552817040287,-0.01,-0.91
ES,2021,3,3107.2,25.505941143718474,2631.12,25.5447080698475,476.0799999999999,-0.03876692612902488,-0.52,-0.51
ES,2021,4,1240.8,23.725711905105147,1282.6399999999999,24.069755380146,-41.83999999999992,-0.3440434750408521,-0.72,-0.2
ES,2021,5,614.8000000000001,22.733913094840553,848.8,22.515301238769304,-233.9999999999999,0.21861185607124867,0.47,1.2
ES,2021,6,854.0,21.193712310899162,498.08000000000004,21.184171540033933,355.91999999999996,0.009540770865228865,0.84,0.36
ES,2021,7,122.8,20.349927934805685,755.76,20.86886054878049,-632.96,-0.5189326139748047,1.93,1.08
ES,2021,8,1096.8,21.176065255271975,1163.04,21.306052733907645,-66.24000000000001,-0.12998747863566962,3.18,1.23
ES,2021,9,594.8,23.653830773984343,810.08,22.91611336619357,-215.2800000000001,0.7377174077907718,4.83,1.6
ES,2021,10,3834.0,23.20412146701202,3071.6800000000003,23.814136604835355,762.3199999999997,-0.6100151378233356,7.43,2.48
ES,2021,11,4128.0,22.859418948893673,3824.6400000000003,23.763306788465755,303.3599999999997,-0.9038878395720822,7.72,0.26
ES,2021,12,5123.6,23.75217595438778,4842.719999999999,25.05094351374943,280.880000000001,-1.2987675593616501,8.09,0.34
ES,2022,1,3066.8,25.440666599556447,4379.68,25.426504495001303,-1312.88,0.014162104555143884,1.47,1.47
ES,2022,2,5083.6,24.989545480819736,3739.6,25.459932593703623,1344.0000000000005,-0.4703871128838877,2.56,1.07
ES,2022,3,781.2,25.790248007767133,2631.12,25.5447080698475,-1849.9199999999998,0.24553993791963435,5.39,2.76
ES,2022,4,810.8,24.40370787927853,1282.6399999999999,24.069755380146,-471.8399999999999,0.33395249913253267,7.11,1.64
ES,2022,5,846.8000000000001,21.724662759890805,848.8,22.515301238769304,-1.9999999999998863,-0.790638478878499,6.33,-0.74
ES,2022,6,204.8,20.11875929022668,498.08000000000004,21.184171540033933,-293.28000000000003,-1.0654122498072525,7.18,0.8
ES,2022,7,386.0,20.553197492082486,755.76,20.86886054878049,-369.76,-0.31566305669800343,8.91,1.61
ES,2022,8,419.6,20.666344828479552,1163.04,21.306052733907645,-743.4399999999999,-0.639707905428093,9.67,0.7
ES,2022,9,882.8000000000001,21.131554387641344,810.08,22.91611336619357,72.72000000000003,-1.7845589785522264,9.46,-0.19
ES,2022,10,2226.8,23.819091602647003,3071.6800000000003,23.814136604835355,-844.8800000000001,0.004954997811648099,10.52,0.96
ES,2022,11,7392.8,22.54782918232289,3824.6400000000003,23.763306788465755,3568.16,-1.2154776061428656,11.29,0.7
ES,2022,12,9240.8,23.630405259504986,4842.719999999999,25.05094351374943,4398.08,-1.4205382542444447,12.15,0.77
ES,2023,1,5811.6,24.790921088514885,4379.68,25.426504495001303,1431.92,-0.6355834064864183,1.05,1.05
ES,2023,2,990.0,26.009631666319358,3739.6,25.459932593703623,-2749.6,0.5496990726157343,0.91,-0.14
ES,2023,3,1566.4,25.452448574100046,2631.12,25.5447080698475,-1064.7199999999998,-0.09225949574745229,0.45,-0.46
ES,2023,4,2519.2,23.804496550651443,1282.6399999999999,24.069755380146,1236.56,-0.2652588294945559,0.89,0.44
ES,2023,5,1421.6,21.439662889413064,848.8,22.515301238769304,572.8,-1.0756383493562396,1.46,0.56
ES,2023,6,429.2,20.562652279785432,498.08000000000004,21.184171540033933,-68.88000000000005,-0.6215192602485011,0.74,-0.71
ES,2023,7,1960.0,20.2601551542777,755.76,20.86886054878049,1204.24,-0.6087053945027883,0.11,-0.62
ES,2023,8,2938.0,21.59119623655914,1163.04,21.306052733907645,1774.96,0.28514350265149346,-1.2,-1.31
ES,2023,9,947.2,22.851204527155616,810.08,22.91611336619357,137.12,-0.06490883903795464,-1.69,-0.49
ES,2023,10,1474.8,24.361945743341803,3071.6800000000003,23.814136604835355,-1596.8800000000003,0.5478091385064481,-1.59,0.1
ES,2023,11,1118.4,25.860747056584835,3824.6400000000003,23.763306788465755,-2706.2400000000002,2.0974402681190796,-1.1,0.5
ES,2023,12,2229.2,26.5862498283603,4842.719999999999,25.05094351374943,-2613.5199999999995,1.535306314610871,0.04,1.16
ES,2024,1,5536.8,25.752539387817265,4379.68,25.426504495001303,1157.12,0.32603489281596154,1.98,1.98
ES,2024,2,4484.4,25.680816422596784,3739.6,25.459932593703623,744.7999999999997,0.22088382889316094,2.77,0.77
ES,2024,3,3240.8,26.608057101860556,2631.12,25.5447080698475,609.6800000000003,1.0633490320130576,3.01,0.24
ES,2024,4,1068.4,24.663733275162734,1282.6399999999999,24.069755380146,-214.23999999999978,0.5939778950167351,3.35,0.33
ES,2024,5,536.0,24.38983626439054,848.8,22.515301238769304,-312.79999999999995,1.8745350256212348,4.23,0.85
ES,2024,6,243.20000000000002,22.359194780219344,498.08000000000004,21.184171540033933,-254.88000000000002,1.1750232401854106,6.07,1.76
ES,2024,7,236.4,21.91189404871223,755.76,20.86886054878049,-519.36,1.0430334999317417,4.0,-1.95
ES,2024,8,800.4,21.55591285899451,1163.04,21.306052733907645,-362.64,0.24986012508686528,3.02,-0.94
ES,2024,9,558.4,23.428218063538715,810.08,22.91611336619357,-251.68000000000006,0.5121046973451442,3.54,0.5
ES,2024,10,4337.6,23.73450202156812,3071.6800000000003,23.814136604835355,1265.92,-0.07963458326723583,4.07,0.52
ES,2024,11,4705.6,23.838088918428593,3824.6400000000003,23.763306788465755,880.96,0.07478212996283773,5.37,1.25
ES,2024,12,4534.4,25.36276706957425,4842.719999999999,25.05094351374943,-308.3199999999997,0.31182355582481946,7.09,1.63
GO,2020,1,13608.4,24.992134279684226,10624.32,24.402839275779563,2984.08,0.5892950039046632,0.39,0.39
GO,2020,2,14292.4,24.492486810330554,10017.84,24.376244442179086,4274.5599999999995,0.11624236815146816,0.5,0.11
GO,2020,3,9196.4,24.577351061821542,7322.32,24.57025103961879,1874.08,0.007100022202752854,1.63,1.13
GO,2020,4,5354.8,24.027495673464507,3852.4800000000005,24.285363272234434,1502.3199999999997,-0.25786759876992704,3.45,1.79
GO,2020,5,1026.4,21.785999311344106,422.32,22.644647455467993,604.0800000000002,-0.8586481441238867,3.7,0.24
GO,2020,6,32.4,22.29127888665666,161.84,22.10189521943318,-129.44,0.18938366722347766,4.09,0.38
GO,2020,7,0.0,22.363552287603245,11.760000000000002,22.222076166027318,-11.760000000000002,0.14147612157592704,4.1,0.01
GO,2020,8,3.2,23.81633572464837,161.2,24.11317413066228,-158.0,-0.29683840601391154,4.91,0.78
GO,2020,9,549.2,27.30303952322196,832.8,27.297381604951234,-283.5999999999999,0.005657918270724593,7.3,2.28
GO,2020,10,5424.8,27.20500829831595,5159.2,26.513963644015593,265.60000000000036,0.6910446543003559,9.37,1.93
GO,2020,11,4573.2,25.491570667964215,8138.88,24.907443272342885,-3565.6800000000003,0.58412739562133,12.14,2.54
GO,2020,12,8047.6,25.429438133382753,9874.24,24.75611746491093,-1826.6399999999994,0.673320668471824,14.09,1.74
GO,2021,1,6606.0,25.031613737371465,10624.32,24.402839275779563,-4018.3199999999997,0.6287744615919024,1.02,1.02
GO,2021,2,11631.6,24.063299962791216,10017.84,24.376244442179086,1613.7600000000002,-0.31294447938786973,1.3,0.27
GO,2021,3,4423.2,24.544402498295426,7322.32,24.57025103961879,-2899.12,-0.025848541323362895,1.43,0.13
GO,2021,4,3047.6,24.21436959888882,3852.4800000000005,24.285363272234434,-804.8800000000006,-0.07099367334561535,1.83,0.4
GO,2021,5,321.2,23.612937230117417,422.32,22.644647455467993,-101.12,0.9682897746494241,2.28,0.44
GO,2021,6,286.8,22.536479691538588,161.84,22.10189521943318,124.96000000000001,0.4345844721054064,2.72,0.43
GO,2021,7,0.0,21.771207584684518,11.760000000000002,22.222076166027318,-11.760000000000002,-0.4508685813427995,3.34,0.6
GO,2021,8,38.0,24.87380447099383,161.2,24.11317413066228,-123.19999999999999,0.7606303403315486,4.77,1.39
GO,2021,9,897.2,28.327124418914394,832.8,27.297381604951234,64.40000000000009,1.0297428139631606,5.84,1.02
GO,2021,10,7194.8,26.047802273742946,5159.2,26.513963644015593,2035.6000000000004,-0.4661613702726477,7.08,1.17
GO,2021,11,13164.8,24.129025603932043,8138.88,24.907443272342885,5025.919999999999,-0.7784176684108424,7.04,-0.04
GO,2021,12,13810.8,24.022137958813847,9874.24,24.75611746491093,3936.5599999999995,-0.7339795060970822,7.94,0.84
GO,2022,1,12522.0,23.841386721148574,10624.32,24.402839275779563,1897.6800000000003,-0.5614525546309892,1.11,1.11
GO,2022,2,10452.0,23.938365782705727,10017.84,24.376244442179086,434.15999999999985,-0.437878659473359,2.41,1.28
GO,2022,3,7226.4,24.57230074765972,7322.32,24.57025103961879,-95.92000000000007,0.0020497080409320745,4.89,2.42
GO,2022,4,2503.6,24.48448223420363,3852.4800000000005,24.285363272234434,-1348.8800000000006,0.19911896196919443,7.05,2.06
GO,2022,5,566.4,21.46156251745394,422.32,22.644647455467993,144.07999999999998,-1.1830849380140513,7.56,0.48
GO,2022,6,255.6,21.72856018205269,161.84,22.10189521943318,93.75999999999999,-0.37333503738049245,8.42,0.8
GO,2022,7,14.4,22.15654723397102,11.760000000000002,22.222076166027318,2.639999999999999,-0.06552893205629928,9.83,1.3
GO,2022,8,91.2,23.652123878828494,161.2,24.11317413066228,-69.99999999999999,-0.461050251833786,10.1,0.24
GO,2022,9,1631.6,25.71929225780659,832.8,27.297381604951234,798.8,-1.578089347144644,9.54,-0.51
GO,2022,10,3757.2,25.62092869987115,5159.2,26.513963644015593,-1402.0,-0.8930349441444427,10.32,0.72
GO,2022,11,6483.2,23.83320890435071,8138.88,24.907443272342885,-1655.6800000000003,-1.074234367992176,10.91,0.53
GO,2022,12,10805.2,23.64697030108315,9874.24,24.75611746491093,930.960000000001,-1.1091471638277781,11.64,0.66
GO,2023,1,11576.4,23.295520430055983,10624.32,24.402839275779563,952.0799999999999,-1.1073188457235794,0.59,0.59
GO,2023,2,6327.6,24.658107642544103,10017.84,24.376244442179086,-3690.24,0.28186320036501655,0.76,0.16
GO,2023,3,6730.4,23.90259127843851,7322.32,24.57025103961879,-591.9200000000001,-0.6676597611802784,0.81,0.05
GO,2023,4,4115.6,23.6561772057619,3852.4800000000005,24.285363272234434,263.1199999999999,-0.6291860664725348,1.53,0.71
GO,2023,5,185.2,22.592139470534494,422.32,22.644647455467993,-237.12,-0.05250798493349862,1.69,0.16
GO,2023,6,234.4,21.69037667212345,161.84,22.10189521943318,72.56,-0.4115185473097327,1.02,-0.66
GO,2023,7,44.400000000000006,22.66966158805407,11.760000000000002,22.222076166027318,32.64,0.44758542202675144,0.55,-0.46
GO,2023,8,673.6,24.664730277854076,161.2,24.11317413066228,512.4000000000001,0.5515561471917962,-0.31,-0.85
GO,2023,9,1000.4,27.390488536662165,832.8,27.297381604951234,167.60000000000002,0.0931069317109312,-1.02,-0.71
GO,2023,10,3507.2,27.401859853896102,5159.2,26.513963644015593,-1652.0,0.887896209880509,-0.7,0.31
GO,2023,11,5699.2,26.843503351625717,8138.88,24.907443272342885,-2439.6800000000003,1.9360600792828322,-0.08,0.63
GO,2023,12,7226.0,26.081042672560766,9874.24,24.75611746491093,-2648.24,1.3249252076498372,1.03,1.11
GO,2024,1,8808.8,24.853541210637573,10624.32,24.402839275779563,-1815.5200000000004,0.45070193485801013,1.38,1.38
GO,2024,2,7385.6,24.728962012523823,10017.84,24.376244442179086,-2632.24,0.35271757034473694,2.34,0.95
GO,2024,3,9035.2,25.254609611878738,7322.32,24.57025103961879,1712.880000000001,0.6843585722599492,2.88,0.53
GO,2024,4,4240.8,25.04429164885331,3852.4800000000005,24.285363272234434,388.3199999999997,0.7589283766188757,3.59,0.7
GO,2024,5,12.4,23.770598747890002,422.32,22.644647455467993,-409.92,1.125951292422009,4.23,0.62
GO,2024,6,0.0,22.262780664794516,161.84,22.10189521943318,-161.84,0.16088544536133398,4.7,0.44
GO,2024,7,0.0,22.14941213582375,11.760000000000002,22.222076166027318,-11.760000000000002,-0.07266403020356904,3.65,-1.0
GO,2024,8,0.0,23.558876300986647,161.2,24.11317413066228,-161.2,-0.5542978296756331,3.2,-0.44
GO,2024,9,85.6,27.746963288151058,832.8,27.297381604951234,-747.1999999999999,0.44958168319982406,3.71,0.5
GO,2024,10,5912.0,26.29421909425181,5159.2,26.513963644015593,752.8000000000002,-0.21974454976378155,4.81,1.06
GO,2024,11,10774.0,24.239907833841738,8138.88,24.907443272342885,2635.12,-0.6675354385011474,6.44,1.55
GO,2024,12,9481.6,24.600998258714124,9874.24,24.75611746491093,-392.6399999999994,-0.15511920619680453,7.69,1.18
MA,2020,1,8278.0,26.503272854321164,3769.84,26.791873516563754,4508.16,-0.2886006622425903,0.39,0.39
MA,2020,2,5280.0,26.43843590167682,4110.16,26.6361462357567,1169.8400000000001,-0.1977103340798827,0.5,0.11
MA,2020,3,8656.4,26.271010020225887,6080.4800000000005,26.32535244973591,2575.919999999999,-0.05434242951002233,1.63,1.13
MA,2020,4,6614.8,26.36129888166968,5035.280000000001,26.54547160293439,1579.5199999999995,-0.18417272126471218,3.45,1.79
MA,2020,5,903.1999999999999,27.25465499440138,2083.2799999999997,27.07577703857108,-1180.08,0.17887795583030197,3.7,0.24
MA,2020,6,176.8,26.648383419434623,990.0799999999999,26.828559316838675,-813.28,-0.1801758974040517,4.09,0.38
MA,2020,7,36.4,26.49070770049566,336.96,26.811151810914925,-300.56,-0.3204441104192668,4.1,0.01
MA,2020,8,15.6,27.417769559529322,141.28,27.648458944353173,-125.68,-0.23068938482385093,4.91,0.78
MA,2020,9,77.60000000000001,28.763468454947336,166.96,28.772843328060787,-89.36,-0.009374873113451088,7.3,2.28
MA,2020,10,502.8,28.853429071571256,534.08,28.954107219791176,-31.28000000000003,-0.10067814821992016,9.37,1.93
MA,2020,11,1639.6,27.52810289992907,1838.4,28.11472428269197,-198.80000000000018,-0.5866213827628997,12.14,2.54
MA,2020,12,1265.2,27.25852334745589,1985.6,27.779072745696975,-720.3999999999999,-0.5205493982410871,14.09,1.74
MA,2021,1,1328.8,26.64145296151863,3769.84,26.791873516563754,-2441.04,-0.1504205550451232,1.02,1.02
MA,2021,2,2477.2,26.39953165582568,4110.16,26.6361462357567,-1632.96,-0.23661457993102175,1.3,0.27
MA,2021,3,2870.0,26.25040678585759,6080.4800000000005,26.32535244973591,-3210.4800000000005,-0.0749456638783208,1.43,0.13
MA,2021,4,1322.0,26.908955138611386,5035.280000000001,26.54547160293439,-3713.2800000000007,0.36348353567699476,1.83,0.4
MA,2021,5,772.8000000000001,27.18210208862806,2083.2799999999997,27.07577703857108,-1310.4799999999996,0.10632505005698079,2.28,0.44
MA,2021,6,378.0,26.92458688257912,990.0799999999999,26.828559316838675,-612.0799999999999,0.09602756574044591,2.72,0.43
MA,2021,7,238.4,27.12068218825632,336.96,26.811151810914925,-98.55999999999997,0.309530377341396,3.34,0.6
MA,2021,8,70.0,28.15912476253564,141.28,27.648458944353173,-71.28,0.510665818182467,4.77,1.39
MA,2021,9,336.8,29.429974732246077,166.96,28.772843328060787,169.84,0.6571314041852894,5.84,1.02
MA,2021,10,303.6,28.99073771606599,534.08,28.954107219791176,-230.48000000000002,0.03663049627481385,7.08,1.17
MA,2021,11,534.8,28.799604886109055,1838.4,28.11472428269197,-1303.6000000000001,0.6848806034170849,7.04,-0.04
MA,2021,12,1104.4,28.76697615419956,1985.6,27.779072745696975,-881.1999999999998,0.9879034085025857,7.94,0.84
MA,2022,1,906.8000000000001,27.387953436569116,3769.84,26.791873516563754,-2863.04,0.5960799200053621,1.11,1.11
MA,2022,2,918.8,27.577369176134205,4110.16,26.6361462357567,-3191.3599999999997,0.9412229403775036,2.41,1.28
MA,2022,3,1698.8,26.74017898292538,6080.4800000000005,26.32535244973591,-4381.68,0.41482653318946916,4.89,2.42
MA,2022,4,4737.6,26.61769676794635,5035.280000000001,26.54547160293439,-297.6800000000003,0.07222516501195742,7.05,2.06
MA,2022,5,3390.4,26.709686927109146,2083.2799999999997,27.07577703857108,1307.1200000000003,-0.3660901114619328,7.56,0.48
MA,2022,6,1789.2,26.768781760730082,990.0799999999999,26.828559316838675,799.1200000000001,-0.05977755610859248,8.42,0.8
MA,2022,7,842.8,26.921512529448194,336.96,26.811151810914925,505.84,0.11036071853326845,9.83,1.3
MA,2022,8,390.4,27.23520520221736,141.28,27.648458944353173,249.11999999999998,-0.41325374213581156,10.1,0.24
MA,2022,9,289.6,28.114819243156198,166.96,28.772843328060787,122.64000000000001,-0.6580240849045893,9.54,-0.51
MA,2022,10,990.4,28.775210367151978,534.08,28.954107219791176,456.31999999999994,-0.1788968526391983,10.32,0.72
MA,2022,11,4851.6,26.873072611250905,1838.4,28.11472428269197,3013.2000000000003,-1.2416516714410655,10.91,0.53
MA,2022,12,3707.2,26.750466378514513,1985.6,27.779072745696975,1721.6,-1.0286063671824621,11.64,0.66
MA,2023,1,4138.4,26.10743146193427,3769.84,26.791873516563754,368.5599999999995,-0.6844420546294856,0.59,0.59
MA,2023,2,3370.8,26.223666752502155,4110.16,26.6361462357567,-739.3599999999997,-0.41247948325454686,0.76,0.16
MA,2023,3,8736.0,25.675596060457927,6080.4800000000005,26.32535244973591,2655.5199999999995,-0.6497563892779823,0.81,0.05
MA,2023,4,4981.2,26.23671451133408,5035.280000000001,26.54547160293439,-54.08000000000084,-0.30875709160031306,1.53,0.71
MA,2023,5,2970.4,26.918027085506047,2083.2799999999997,27.07577703857108,887.1200000000003,-0.15774995306503214,1.69,0.16
MA,2023,6,1131.6,26.817469806763285,990.0799999999999,26.828559316838675,141.51999999999998,-0.011089510075390052,1.02,-0.66
MA,2023,7,244.0,26.984173938905528,336.96,26.811151810914925,-92.95999999999998,0.17302212799060257,0.55,-0.46
MA,2023,8,162.0,27.858943153614323,141.28,27.648458944353173,20.72,0.21048420926114986,-0.31,-0.85
MA,2023,9,78.0,29.00103889241797,166.96,28.772843328060787,-88.96000000000001,0.2281955643571827,-1.02,-0.71
MA,2023,10,385.2,29.12798428347832,534.08,28.954107219791176,-148.88000000000005,0.17387706368714362,-0.7,0.31
MA,2023,11,1059.2,28.74641001397195,1838.4,28.11472428269197,-779.2,0.6316857312799797,-0.08,0.63
MA,2023,12,1942.8,28.223013727039586,1985.6,27.779072745696975,-42.799999999999955,0.4439409813426103,1.03,1.11
MA,2024,1,4197.2,27.319256868475602,3769.84,26.791873516563754,427.3599999999997,0.5273833519118476,1.38,1.38
MA,2024,2,8504.0,26.54172769264463,4110.16,26.6361462357567,4393.84,-0.0944185431120701,2.34,0.95
MA,2024,3,8441.2,26.689570399212755,6080.4800000000005,26.32535244973591,2360.7200000000003,0.3642179494768456,2.88,0.53
MA,2024,4,7520.8,26.602692715110454,5035.280000000001,26.54547160293439,2485.5199999999995,0.057221112176062405,3.59,0.7
MA,2024,5,2379.6,27.314414097210754,2083.2799999999997,27.07577703857108,296.32000000000016,0.2386370586396751,4.23,0.62
MA,2024,6,1474.8,26.983574714686256,990.0799999999999,26.828559316838675,484.72,0.15501539784758123,4.7,0.44
MA,2024,7,323.20000000000005,26.538682697468932,336.96,26.811151810914925,-13.759999999999934,-0.2724691134459931,3.65,-1.0
MA,2024,8,68.4,27.571252043869197,141.28,27.648458944353173,-72.88,-0.07720690048397572,3.2,-0.44
MA,2024,9,52.8,28.554915317536363,166.96,28.772843328060787,-114.16000000000001,-0.21792801052442456,3.71,0.5
MA,2024,10,488.40000000000003,29.023174660688337,534.08,28.954107219791176,-45.68000000000001,0.06906744089716099,4.81,1.06
MA,2024,11,1106.8,28.62643100219886,1838.4,28.11472428269197,-731.6000000000001,0.5117067195068898,6.44,1.55
MA,2024,12,1908.4,27.89638412127532,1985.6,27.779072745696975,-77.19999999999982,0.11731137557834614,7.69,1.18
MG,2020,1,41172.8,23.95143601492994,33184.240000000005,23.661500128529084,7988.559999999998,0.28993588640085477,0.6,0.6
MG,2020,2,34263.6,23.515939530234885,25885.52,23.5120579603474,8378.079999999998,0.003881569887486336,1.35,0.75
MG,2020,3,25166.4,22.503456278566595,14047.6,23.69018062465272,11118.800000000001,-1.1867243460861232,2.13,0.76
MG,2020,4,6993.6,21.656576951259307,6324.88,22.408454886464547,668.7200000000003,-0.7518779352052398,3.62,1.46
MG,2020,5,4732.0,19.008168918853595,2482.08,20.242939581461513,2249.92,-1.234770662607918,3.64,0.02
MG,2020,6,1002.4,19.391465195012138,732.3199999999999,19.295619537422326,270.08000000000004,0.09584565758981256,3.24,-0.39
MG,2020,7,775.2,19.38815380670899,584.72,19.32224482476056,190.48000000000002,0.06590898194842865,3.18,-0.05
MG,2020,8,1301.2,19.686141985815134,1664.08,20.601787800268813,-362.8799999999999,-0.9156458144536792,4.36,1.15
MG,2020,9,1444.8,23.65144862867291,2522.0,23.771158738656222,-1077.2,-0.11971010998331266,7.51,3.02
MG,2020,10,13980.0,24.316811213745357,15690.560000000001,24.27411713454621,-1710.5600000000013,0.042694079199147694,10.68,2.94
MG,2020,11,15613.6,22.815743268934952,20399.68,23.36476957247833,-4786.08,-0.5490263035433784,13.78,2.8
MG,2020,12,26698.0,23.593454202682803,30229.52,23.568838353497142,-3531.5200000000004,0.024615849185661176,16.32,2.23
MG,2021,1,14592.4,24.024529446597445,33184.240000000005,23.661500128529084,-18591.840000000004,0.36302931806836014,1.29,1.29
MG,2021,2,33028.4,22.965061396236745,25885.52,23.5120579603474,7142.880000000001,-0.5469965641106533,0.42,-0.86
MG,2021,3,10368.0,23.350198925207536,14047.6,23.69018062465272,-3679.6000000000004,-0.33998169944518253,0.33,-0.09
MG,2021,4,4312.8,21.679728450462683,6324.88,22.408454886464547,-2012.08,-0.7287264360018639,0.61,0.28
MG,2021,5,1503.6,20.75463448158459,2482.08,20.242939581461513,-978.48,0.5116949001230751,0.85,0.24
MG,2021,6,1085.6,19.50634943042829,732.3199999999999,19.295619537422326,353.28,0.2107298930059649,0.7,-0.15
MG,2021,7,258.8,18.51489426903383,584.72,19.32224482476056,-325.92,-0.8073505557267282,1.36,0.66
MG,2021,8,835.6,20.800196304317332,1664.08,20.601787800268813,-828.4799999999999,0.19840850404851906,2.43,1.05
MG,2021,9,1425.6,24.770954320898024,2522.0,23.771158738656222,-1096.4,0.9997955822418021,4.01,1.55
MG,2021,10,17841.2,23.540372545928733,15690.560000000001,24.27411713454621,2150.6399999999994,-0.7337445886174763,5.61,1.54
MG,2021,11,23910.4,22.850216418281384,20399.68,23.36476957247833,3510.720000000001,-0.5145531541969461,5.59,-0.01
MG,2021,12,37020.8,22.52399131648121,30229.52,23.568838353497142,6791.2800000000025,-1.0448470370159306,6.72,1.07
MG,2022,1,36611.2,23.336232990928767,33184.240000000005,23.661500128529084,3426.959999999992,-0.3252671376003171,1.63,1.63
MG,2022,2,27514.0,23.047980857615215,25885.52,23.5120579603474,1628.4799999999996,-0.4640771027321833,3.21,1.56
MG,2022,3,5532.4,23.978147695746497,14047.6,23.69018062465272,-8515.2,0.28796707109377806,5.56,2.28
MG,2022,4,3938.4,22.88795031553868,6324.88,22.408454886464547,-2386.48,0.47949542907413445,7.17,1.52
MG,2022,5,3051.6,19.310196382608368,2482.08,20.242939581461513,569.52,-0.9327431988531458,6.98,-0.18
MG,2022,6,399.6,18.60550615780431,732.3199999999999,19.295619537422326,-332.7199999999999,-0.6901133796180154,8.17,1.12
MG,2022,7,302.0,19.319761207546744,584.72,19.32224482476056,-282.72,-0.0024836172138158474,10.02,1.71
MG,2022,8,826.8,20.203032799670375,1664.08,20.601787800268813,-837.28,-0.39875500059843816,9.24,-0.71
MG,2022,9,6232.0,21.99706624585752,2522.0,23.771158738656222,3710.0,-1.774092492798701,9.12,-0.11
MG,2022,10,12819.6,23.76445884871375,15690.560000000001,24.27411713454621,-2870.960000000001,-0.5096582858324581,10.28,1.06
MG,2022,11,26526.8,21.84712560585103,20399.68,23.36476957247833,6127.119999999999,-1.5176439666273005,12.16,1.7
MG,2022,12,39734.4,22.305228432004988,30229.52,23.568838353497142,9504.880000000001,-1.2636099214921543,13.55,1.25
MG,2023,1,40998.0,22.786785443714503,33184.240000000005,23.661500128529084,7813.759999999995,-0.874714684814581,0.91,0.91
MG,2023,2,12908.8,24.079813037178667,25885.52,23.5120579603474,-12976.720000000001,0.5677550768312685,0.57,-0.34
MG,2023,3,9400.8,23.88912649262414,14047.6,23.69018062465272,-4646.800000000001,0.1989458679714211,-0.41,-0.97
MG,2023,4,11425.6,22.337232422763147,6324.88,22.408454886464547,5100.72,-0.07122246370139962,0.09,0.5
MG,2023,5,1914.4,20.056193810083226,2482.08,20.242939581461513,-567.6799999999998,-0.18674577137828763,-0.03,-0.12
MG,2023,6,824.0,18.878216249903755,732.3199999999999,19.295619537422326,91.68000000000006,-0.4174032875185709,-0.96,-0.92
MG,2023,7,1172.8,19.550566023610365,584.72,19.32224482476056,588.0799999999999,0.22832119884980528,-1.44,-0.48
MG,2023,8,4423.2,21.479380726945866,1664.08,20.601787800268813,2759.12,0.8775929266770532,-2.34,-0.91
MG,2023,9,2637.2,24.15992077311381,2522.0,23.771158738656222,115.19999999999982,0.3887620344575886,-2.69,-0.36
MG,2023,10,15524.0,25.281457626531083,15690.560000000001,24.27411713454621,-166.5600000000013,1.0073404919848734,-2.15,0.55
MG,2023,11,11424.0,25.99462547800089,20399.68,23.36476957247833,-8975.68,2.629855905522561,-1.14,1.04
MG,2023,12,17349.2,25.443478950721545,30229.52,23.568838353497142,-12880.32,1.8746405972244027,0.72,1.89
MG,2024,1,32546.8,24.20851674647477,33184.240000000005,23.661500128529084,-637.440000000006,0.5470166179456868,2.73,2.73
MG,2024,2,21712.8,23.951494980471484,25885.52,23.5120579603474,-4172.720000000001,0.43943702012408536,3.75,0.99
MG,2024,3,19770.4,24.729973731118818,14047.6,23.69018062465272,5722.800000000001,1.0397931064660995,3.71,-0.04
MG,2024,4,4954.0,23.480786292298927,6324.88,22.408454886464547,-1370.88,1.0723314058343796,3.95,0.23
MG,2024,5,1208.8,22.085504314177797,2482.08,20.242939581461513,-1273.28,1.8425647327162835,3.96,0.01
MG,2024,6,350.0,20.096560653963135,732.3199999999999,19.295619537422326,-382.31999999999994,0.8009411165408089,4.44,0.47
MG,2024,7,414.8,19.83784881690287,584.72,19.32224482476056,-169.92000000000002,0.5156039921423101,3.01,-1.37
MG,2024,8,933.6,20.84018718459535,1664.08,20.601787800268813,-730.4799999999999,0.23839938432653796,2.89,-0.12
MG,2024,9,870.4,24.276403724738852,2522.0,23.771158738656222,-1651.6,0.50524498608263,3.87,0.95
MG,2024,10,18288.0,24.46748543781211,15690.560000000001,24.27411713454621,2597.4399999999987,0.19336830326589904,5.2,1.28
MG,2024,11,24523.6,23.31613709132341,20399.68,23.36476957247833,4123.919999999998,-0.04863248115492169,7.23,1.93
MG,2024,12,30345.2,23.978038865595167,30229.52,23.568838353497142,115.68000000000029,0.40920051209802466,8.09,0.81
MS,2020,1,10862.4,26.598594236175646,7887.2,26.280160053721886,2975.2,0.31843418245376043,0.39,0.39
MS,2020,2,8758.8,26.03040100128183,5841.2,26.14245718148756,2917.5999999999995,-0.11205618020573027,0.5,0.11
MS,2020,3,3409.2,26.495845600635814,4393.6,26.34475129207642,-984.4000000000005,0.15109430855939365,1.63,1.13
MS,2020,4,3551.6,23.550405343111546,3448.6400000000003,24.567455697865874,102.95999999999958,-1.0170503547543284,3.45,1.79
MS,2020,5,4122.4,19.82027354019563,1967.44,21.43289809842497,2154.9599999999996,-1.6126245582293421,3.7,0.24
MS,2020,6,2854.8,21.006081387891168,1441.76,20.85268600501515,1413.0400000000002,0.15339538287601684,4.09,0.38
MS,2020,7,308.8,20.32101512165449,464.48,20.986603798355077,-155.68,-0.6655886767005867,4.1,0.01
MS,2020,8,3636.0,21.94878411552533,1765.44,22.76792216663574,1870.56,-0.8191380511104072,4.91,0.78
MS,2020,9,699.2,26.117860204015578,2119.92,25.914074846294653,-1420.72,0.20378535772092476,7.3,2.28
MS,2020,10,4697.2,26.996646325958935,5134.88,26.37199207826032,-437.6800000000003,0.624654247698615,9.37,1.93
MS,2020,11,2691.2,26.365084196209807,4536.96,26.24301424477826,-1845.7600000000002,0.12206995143154842,12.14,2.54
MS,2020,12,5567.6,26.52813376719991,6368.320000000001,26.686318520144106,-800.7200000000003,-0.15818475294419443,14.09,1.74
MS,2021,1,10407.2,25.41611391410513,7887.2,26.280160053721886,2520.000000000001,-0.8640461396167574,1.02,1.02
MS,2021,2,2850.8,25.657613064249897,5841.2,26.14245718148756,-2990.3999999999996,-0.48484411723766385,1.3,0.27
MS,2021,3,3261.2,26.107604076307613,4393.6,26.34475129207642,-1132.4000000000005,-0.23714721576880748,1.43,0.13
MS,2021,4,654.4,24.377280612693262,3448.6400000000003,24.567455697865874,-2794.2400000000002,-0.19017508517261206,1.83,0.4
MS,2021,5,912.0,22.192389163295754,1967.44,21.43289809842497,-1055.44,0.7594910648707831,2.28,0.44
MS,2021,6,1222.0,19.97480728727657,1441.76,20.85268600501515,-219.76,-0.8778787177385823,2.72,0.43
MS,2021,7,187.60000000000002,19.289350053809166,464.48,20.986603798355077,-276.88,-1.697253744545911,3.34,0.6
MS,2021,8,558.8,23.65200481202628,1765.44,22.76792216663574,-1206.64,0.8840826453905422,4.77,1.39
MS,2021,9,812.0,27.519974114875147,2119.92,25.914074846294653,-1307.92,1.6058992685804938,5.84,1.02
MS,2021,10,4796.8,25.20609202363032,5134.88,26.37199207826032,-338.0799999999999,-1.1659000546300007,7.08,1.17
MS,2021,11,2999.6,26.49730095021662,4536.96,26.24301424477826,-1537.3600000000001,0.2542867054383606,7.04,-0.04
MS,2021,12,2539.6,27.011426694502642,6368.320000000001,26.686318520144106,-3828.7200000000007,0.3251081743585367,7.94,0.84
MS,2022,1,1006.0,27.17298925827138,7887.2,26.280160053721886,-6881.2,0.8928292045494928,1.11,1.11
MS,2022,2,504.8,27.600768504912498,5841.2,26.14245718148756,-5336.4,1.4583113234249367,2.41,1.28
MS,2022,3,1281.6,26.517119584174843,4393.6,26.34475129207642,-3112.0000000000005,0.17236829209842242,4.89,2.42
MS,2022,4,610.0,25.479897037141605,3448.6400000000003,24.567455697865874,-2838.6400000000003,0.9124413392757305,7.05,2.06
MS,2022,5,374.8,21.308919884173815,1967.44,21.43289809842497,-1592.64,-0.12397821425115652,7.56,0.48
MS,2022,6,377.2,21.264280105745385,1441.76,20.85268600501515,-1064.56,0.41159410073023395,8.42,0.8
MS,2022,7,28.400000000000002,23.900367171660942,464.48,20.986603798355077,-436.08000000000004,2.9137633733058657,9.83,1.3
MS,2022,8,918.4,22.231771961941156,1765.44,22.76792216663574,-847.0400000000001,-0.5361502046945823,10.1,0.24
MS,2022,9,4309.6,23.27743095941982,2119.92,25.914074846294653,2189.6800000000003,-2.6366438868748325,9.54,-0.51
MS,2022,10,4787.2,24.76270389989687,5134.88,26.37199207826032,-347.6800000000003,-1.6092881783634496,10.32,0.72
MS,2022,11,3593.6,24.179280471603956,4536.96,26.24301424477826,-943.3600000000001,-2.0637337731743024,10.91,0.53
MS,2022,12,6481.6,26.127241010223205,6368.320000000001,26.686318520144106,113.27999999999975,-0.5590775099209004,11.64,0.66
MS,2023,1,9589.2,25.231259965522764,7887.2,26.280160053721886,1702.000000000001,-1.0489000881991224,0.59,0.59
MS,2023,2,10718.0,24.67526032760834,5841.2,26.14245718148756,4876.8,-1.4671968538792228,0.76,0.16
MS,2023,3,8603.6,25.446006113652054,4393.6,26.34475129207642,4210.0,-0.8987451784243667,0.81,0.05
MS,2023,4,7382.4,23.60180957541757,3448.6400000000003,24.567455697865874,3933.7599999999993,-0.9656461224483053,1.53,0.71
MS,2023,5,3080.4,21.670150302759,1967.44,21.43289809842497,1112.96,0.23725220433403038,1.69,0.16
MS,2023,6,2728.0,18.99077265485341,1441.76,20.85268600501515,1286.24,-1.8619133501617426,1.02,-0.66
MS,2023,7,602.8,21.245882059157843,464.48,20.986603798355077,138.31999999999994,0.25927826080276617,0.55,-0.46
MS,2023,8,2326.8,23.82212777654067,1765.44,22.76792216663574,561.3600000000001,1.0542056099049297,-0.31,-0.85
MS,2023,9,2862.8,26.31121555066701,2119.92,25.914074846294653,742.8800000000001,0.39714070437235804,-1.02,-0.71
MS,2023,10,5983.2,27.70114171962867,5134.88,26.37199207826032,848.3199999999997,1.3291496413683497,-0.7,0.31
MS,2023,11,6660.8,27.576242973288014,4536.96,26.24301424477826,2123.84,1.3332287285097557,-0.08,0.63
MS,2023,12,7381.6,27.72517031288371,6368.320000000001,26.686318520144106,1013.2799999999997,1.038851792739603,1.03,1.11
MS,2024,1,7571.2,26.9818428945345,7887.2,26.280160053721886,-316.0,0.7016828408126123,1.38,1.38
MS,2024,2,6373.6,26.74824300938525,5841.2,26.14245718148756,532.4000000000005,0.6057858278976873,2.34,0.95
MS,2024,3,5412.4,27.157181085611775,4393.6,26.34475129207642,1018.7999999999993,0.8124297935353546,2.88,0.53
MS,2024,4,5044.8,25.8278859209654,3448.6400000000003,24.567455697865874,1596.1599999999999,1.260430223099526,3.59,0.7
MS,2024,5,1347.6,22.172757601700663,1967.44,21.43289809842497,-619.8400000000001,0.7398595032756923,4.23,0.62
MS,2024,6,26.8,23.02748858930924,1441.76,20.85268600501515,-1414.96,2.1748025842940883,4.7,0.44
MS,2024,7,1194.8,20.176404585492946,464.48,20.986603798355077,730.3199999999999,-0.8101992128621305,3.65,-1.0
MS,2024,8,1387.2,22.184922167145263,1765.44,22.76792216663574,-378.24,-0.5829999994904753,3.2,-0.44
MS,2024,9,1916.0,26.343893402495713,2119.92,25.914074846294653,-203.92000000000007,0.42981855620105947,3.71,0.5
MS,2024,10,5410.0,27.193376422186795,5134.88,26.37199207826032,275.1199999999999,0.821384343926475,4.81,1.06
MS,2024,11,6739.6,26.59716263257291,4536.96,26.24301424477826,2202.6400000000003,0.35414838779465185,6.44,1.55
MS,2024,12,9871.2,26.039620815911075,6368.320000000001,26.686318520144106,3502.88,-0.6466977042330306,7.69,1.18
MT,2020,1,12142.8,25.87785877391319,9876.880000000001,25.500706902150387,2265.9199999999983,0.37715187176280196,0.39,0.39
MT,2020,2,16080.4,25.447272410863018,8879.119999999999,25.583259560768408,7201.280000000001,-0.13598714990538951,0.5,0.11
MT,2020,3,10123.6,26.081664723366256,7493.6,25.65928915749047,2630.0,0.42237556587578595,1.63,1.13
MT,2020,4,5926.4,25.790059124800226,4323.280000000001,25.793045695376055,1603.119999999999,-0.0029865705758282957,3.45,1.79
MT,2020,5,2927.2,23.89151510299116,1041.28,24.16543075869873,1885.9199999999998,-0.2739156557075688,3.7,0.24
MT,2020,6,83.2,24.681755015384816,460.88,23.93338598025495,-377.68,0.7483690351298655,4.09,0.38
MT,2020,7,74.80000000000001,25.055401567588664,24.240000000000002,24.251238459300854,50.56000000000001,0.8041631082878098,4.1,0.01
MT,2020,8,56.800000000000004,26.758613005312522,469.36,26.204974284559842,-412.56,0.5536387207526801,4.91,0.78
MT,2020,9,710.8,29.513767152845553,1247.76,28.40186339626618,-536.96,1.1119037565793732,7.3,2.28
MT,2020,10,3542.8,28.461149000513718,4100.719999999999,27.573491826472672,-557.9199999999992,0.8876571740410455,9.37,1.93
MT,2020,11,3368.4,27.552475732164204,5342.4800000000005,26.370257455903108,-1974.0800000000004,1.1822182762610964,12.14,2.54
MT,2020,12,5545.2,26.245275143615622,7553.039999999999,25.948742386391416,-2007.8399999999992,0.296532757224206,14.09,1.74
MT,2021,1,3994.4,25.50374547984876,9876.880000000001,25.500706902150387,-5882.480000000001,0.003038577698372791,1.02,1.02
MT,2021,2,5106.0,25.444498550667902,8879.119999999999,25.583259560768408,-3773.119999999999,-0.1387610101005059,1.3,0.27
MT,2021,3,3286.8,25.199162738933175,7493.6,25.65928915749047,-4206.8,-0.4601264185572944,1.43,0.13
MT,2021,4,1554.8,25.253508111049605,4323.280000000001,25.793045695376055,-2768.4800000000005,-0.5395375843264496,1.83,0.4
MT,2021,5,668.8,24.299955797001253,1041.28,24.16543075869873,-372.48,0.13452503830252382,2.28,0.44
MT,2021,6,87.60000000000001,23.630700902262337,460.88,23.93338598025495,-373.28,-0.30268507799261357,2.72,0.43
MT,2021,7,0.0,23.340696901761078,24.240000000000002,24.251238459300854,-24.240000000000002,-0.9105415575397764,3.34,0.6
MT,2021,8,20.0,26.53236198844617,469.36,26.204974284559842,-449.36,0.3273877038863269,4.77,1.39
MT,2021,9,465.6,28.500423751215017,1247.76,28.40186339626618,-782.16,0.09856035494883741,5.84,1.02
MT,2021,10,1123.6,26.751804408509507,4100.719999999999,27.573491826472672,-2977.1199999999994,-0.8216874179631652,7.08,1.17
MT,2021,11,1556.3999999999999,25.47217445377071,5342.4800000000005,26.370257455903108,-3786.080000000001,-0.8980830021323989,7.04,-0.04
MT,2021,12,856.0,26.060573165532332,7553.039999999999,25.948742386391416,-6697.039999999999,0.11183077914091655,7.94,0.84
MT,2022,1,1156.8,25.904382243560335,9876.880000000001,25.500706902150387,-8720.080000000002,0.4036753414099472,1.11,1.11
MT,2022,2,1089.2,26.073676486233285,8879.119999999999,25.583259560768408,-7789.919999999999,0.4904169254648778,2.41,1.28
MT,2022,3,1599.2,25.950764618193187,7493.6,25.65928915749047,-5894.400000000001,0.291475460702717,4.89,2.42
MT,2022,4,350.0,26.665617009100576,4323.280000000001,25.793045695376055,-3973.2800000000007,0.8725713137245208,7.05,2.06
MT,2022,5,356.40000000000003,23.02005002648003,1041.28,24.16543075869873,-684.8799999999999,-1.145380732218701,7.56,0.48
MT,2022,6,1310.0,23.145558142714034,460.88,23.93338598025495,849.12,-0.7878278375409167,8.42,0.8
MT,2022,7,6.800000000000001,24.674427366110386,24.240000000000002,24.251238459300854,-17.44,0.42318890680953203,9.83,1.3
MT,2022,8,966.4,24.78701701262506,469.36,26.204974284559842,497.03999999999996,-1.4179572719347817,10.1,0.24
MT,2022,9,1752.0,26.953165772179275,1247.76,28.40186339626618,504.24,-1.448697624086904,9.54,-0.51
MT,2022,10,7673.6,26.1877614163912,4100.719999999999,27.573491826472672,3572.880000000001,-1.3857304100814716,10.32,0.72
MT,2022,11,7708.8,25.101942315588335,5342.4800000000005,26.370257455903108,2366.3199999999997,-1.2683151403147725,10.91,0.53
MT,2022,12,16428.8,24.730006286104956,7553.039999999999,25.948742386391416,8875.76,-1.2187361002864598,11.64,0.66
MT,2023,1,18366.0,24.303458486880604,9876.880000000001,25.500706902150387,8489.119999999999,-1.197248415269783,0.59,0.59
MT,2023,2,11662.8,25.017721695431565,8879.119999999999,25.583259560768408,2783.6800000000003,-0.565537865336843,0.76,0.16
MT,2023,3,11655.2,24.873505610494036,7493.6,25.65928915749047,4161.6,-0.7857835469964343,0.81,0.05
MT,2023,4,6956.0,24.996837430644337,4323.280000000001,25.793045695376055,2632.7199999999993,-0.7962082647317175,1.53,0.71
MT,2023,5,1015.2,24.69011287798316,1041.28,24.16543075869873,-26.079999999999927,0.5246821192844315,1.69,0.16
MT,2023,6,816.0,22.93690321460706,460.88,23.93338598025495,355.12,-0.9964827656478903,1.02,-0.66
MT,2023,7,38.4,24.354772421006302,24.240000000000002,24.251238459300854,14.159999999999997,0.10353396170544826,0.55,-0.46
MT,2023,8,1184.0,26.77814829061708,469.36,26.204974284559842,714.64,0.5731740060572363,-0.31,-0.85
MT,2023,9,2990.8,28.040965338636823,1247.76,28.40186339626618,1743.0400000000002,-0.3608980576293561,-1.02,-0.71
MT,2023,10,4251.2,28.262475136469316,4100.719999999999,27.573491826472672,150.48000000000047,0.6889833099966438,-0.7,0.31
MT,2023,11,6030.0,27.685665614289036,5342.4800000000005,26.370257455903108,687.5199999999995,1.315408158385928,-0.08,0.63
MT,2023,12,8833.6,26.838336079038637,7553.039999999999,25.948742386391416,1280.5600000000013,0.889593692647221,1.03,1.11
MT,2024,1,13724.4,25.914089526549045,9876.880000000001,25.500706902150387,3847.5199999999986,0.4133826243986576,1.38,1.38
MT,2024,2,10457.2,25.933128660646265,8879.119999999999,25.583259560768408,1578.0800000000017,0.3498690998778571,2.34,0.95
MT,2024,3,10803.2,26.1913480964657,7493.6,25.65928915749047,3309.6000000000004,0.5320589389752293,2.88,0.53
MT,2024,4,6829.2,26.259206801285536,4323.280000000001,25.793045695376055,2505.919999999999,0.4661611059094817,3.59,0.7
MT,2024,5,238.79999999999998,24.925519989038047,1041.28,24.16543075869873,-802.48,0.7600892303393181,4.23,0.62
MT,2024,6,7.6000000000000005,25.27201262630651,460.88,23.93338598025495,-453.28,1.3386266460515586,4.7,0.44
MT,2024,7,1.2000000000000002,23.83089404003784,24.240000000000002,24.251238459300854,-23.040000000000003,-0.4203444192630137,3.65,-1.0
MT,2024,8,119.60000000000001,26.168731125798374,469.36,26.204974284559842,-349.76,-0.03624315876146866,3.2,-0.44
MT,2024,9,319.6,29.000994966454233,1247.76,28.40186339626618,-928.16,0.5991315701880531,3.71,0.5
MT,2024,10,3912.4,28.204269170479613,4100.719999999999,27.573491826472672,-188.31999999999925,0.6307773440069404,4.81,1.06
MT,2024,11,8048.8,26.039029163703233,5342.4800000000005,26.370257455903108,2706.3199999999997,-0.3312282921998744,6.44,1.55
MT,2024,12,6101.6,25.86952125766552,7553.039999999999,25.948742386391416,-1451.4399999999987,-0.07922112872589437,7.69,1.18
PA,2020,1,16478.8,25.909665768036767,10339.92,26.020280172585593,6138.879999999999,-0.11061440454882643,2.02,2.02
PA,2020,2,17583.2,25.801379205562295,11432.240000000002,25.954437880714664,6150.959999999999,-0.15305867515236926,2.11,0.09
PA,2020,3,18325.6,25.89169373020598,13345.920000000002,25.820644213917735,4979.679999999997,0.07104951628824452,2.05,-0.06
PA,2020,4,15020.8,25.95295560480084,10303.76,26.177014389292584,4717.039999999999,-0.2240587844917421,4.22,2.12
PA,2020,5,8888.8,26.509432083936908,6396.5599999999995,26.56589934986036,2492.24,-0.05646726592345175,3.72,-0.48
PA,2020,6,3040.0,26.466865844461573,2794.0,26.556112763924155,246.0,-0.08924691946258179,4.51,0.76
PA,2020,7,1268.0,26.820869886814478,1527.44,26.862693949817242,-259.44000000000005,-0.04182406300276398,5.3,0.75
PA,2020,8,1018.0,27.76694076491778,1210.8799999999999,27.633332686366703,-192.87999999999988,0.13360807855107737,5.35,0.05
PA,2020,9,1340.4,28.13180264651107,1321.84,28.219228501679687,18.560000000000173,-0.08742585516861823,7.73,2.26
PA,2020,10,2784.8,28.22643105995706,2338.7200000000003,28.22560912194293,446.0799999999999,0.0008219380141305521,10.35,2.42
PA,2020,11,6368.4,27.022753509854137,4355.76,27.45917438050708,2012.6399999999994,-0.4364208706529418,12.91,2.32
PA,2020,12,5040.8,26.647575269890268,6344.4,26.824545778876093,-1303.5999999999995,-0.1769705089858249,15.77,2.53
PA,2021,1,9004.4,26.101786567987606,10339.92,26.020280172585593,-1335.5200000000004,0.08150639540201254,0.95,0.95
PA,2021,2,13115.2,25.63235684251402,11432.240000000002,25.954437880714664,1682.9599999999991,-0.3220810382006434,1.95,0.99
PA,2021,3,11217.6,25.35703309833105,13345.920000000002,25.820644213917735,-2128.3200000000015,-0.46361111558668355,2.25,0.3
PA,2021,4,6637.6,26.163110835467585,10303.76,26.177014389292584,-3666.16,-0.013903553824999193,2.86,0.6
PA,2021,5,3614.0,26.45196316092967,6396.5599999999995,26.56589934986036,-2782.5599999999995,-0.11393618893069046,3.51,0.63
PA,2021,6,1306.0,26.488846132041676,2794.0,26.556112763924155,-1488.0,-0.06726663188247883,3.33,-0.18
PA,2021,7,1739.2,26.614792294582482,1527.44,26.862693949817242,211.76,-0.2479016552347595,3.67,0.33
PA,2021,8,1327.6,27.607444895273197,1210.8799999999999,27.633332686366703,116.72000000000003,-0.02588779109350625,4.06,0.38
PA,2021,9,2099.6,27.75928570832827,1321.84,28.219228501679687,777.76,-0.4599427933514164,3.84,-0.21
PA,2021,10,1918.4,27.785048005866813,2338.7200000000003,28.22560912194293,-420.32000000000016,-0.44056111607611825,4.23,0.38
PA,2021,11,2826.0,26.991249619339754,4355.76,27.45917438050708,-1529.7600000000002,-0.46792476116732473,3.67,-0.53
PA,2021,12,6996.8,26.51696005589236,6344.4,26.824545778876093,652.4000000000005,-0.30758572298373466,3.87,0.19
PA,2022,1,7535.6,25.52056758693173,10339.92,26.020280172585593,-2804.3199999999997,-0.4997125856538638,2.03,2.03
PA,2022,2,5535.6,26.03689660650828,11432.240000000002,25.954437880714664,-5896.640000000001,0.08245872579361446,3.24,1.19
PA,2022,3,8950.0,25.492636248812193,13345.920000000002,25.820644213917735,-4395.920000000002,-0.32800796510554164,6.29,2.95
PA,2022,4,6640.8,26.044174547272128,10303.76,26.177014389292584,-3662.96,-0.13283984202045573,9.06,2.6
PA,2022,5,5242.8,26.001315002556176,6396.5599999999995,26.56589934986036,-1153.7599999999993,-0.5645843473041836,10.06,0.92
PA,2022,6,4328.4,25.94198066446915,2794.0,26.556112763924155,1534.3999999999996,-0.6141320994550057,9.4,-0.61
PA,2022,7,1596.4,26.718179439321144,1527.44,26.862693949817242,68.96000000000004,-0.14451451049609787,8.62,-0.71
PA,2022,8,1622.8,27.16143946225143,1210.8799999999999,27.633332686366703,411.9200000000001,-0.47189322411527357,9.04,0.39
PA,2022,9,1384.8,27.902729457832383,1321.84,28.219228501679687,62.960000000000036,-0.31649904384730476,9.33,0.27
PA,2022,10,2628.0,28.02557336538611,2338.7200000000003,28.22560912194293,289.27999999999975,-0.20003575655682226,9.6,0.25
PA,2022,11,5203.6,26.91828711978999,4355.76,27.45917438050708,847.8400000000001,-0.5408872607170885,10.37,0.7
PA,2022,12,5612.4,26.447137150314333,6344.4,26.824545778876093,-732.0,-0.37740862856175994,11.05,0.61
PA,2023,1,7175.2,25.795771949402713,10339.92,26.020280172585593,-3164.7200000000003,-0.22450822318288033,1.11,1.11
PA,2023,2,9767.2,25.822797082317454,11432.240000000002,25.954437880714664,-1665.0400000000009,-0.13164079839721055,1.63,0.51
PA,2023,3,11358.8,25.770999161410572,13345.920000000002,25.820644213917735,-1987.1200000000026,-0.049645052507163,2.22,0.59
PA,2023,4,6555.6,26.120272641752827,10303.76,26.177014389292584,-3748.16,-0.056741747539756915,2.74,0.5
PA,2023,5,6204.0,26.654659630044126,6396.5599999999995,26.56589934986036,-192.5599999999995,0.08876028018376658,2.4,-0.33
PA,2023,6,2286.4,26.772414645704238,2794.0,26.556112763924155,-507.5999999999999,0.21630188178008325,1.72,-0.67
PA,2023,7,1924.0,26.903588070036538,1527.44,26.862693949817242,396.55999999999995,0.040894120219295615,0.5,-1.2
PA,2023,8,988.8,27.945630139284507,1210.8799999999999,27.633332686366703,-222.07999999999993,0.31229745291780375,-0.24,-0.74
PA,2023,9,1210.4,28.42893402973838,1321.84,28.219228501679687,-111.43999999999983,0.20970552805869147,-1.05,-0.82
PA,2023,10,2064.8,28.682239357810495,2338.7200000000003,28.22560912194293,-273.9200000000001,0.45663023586756424,-1.25,-0.2
PA,2023,11,3790.0,28.270340495716777,4355.76,27.45917438050708,-565.7600000000002,0.8111661152096978,-0.77,0.49
PA,2023,12,5994.0,27.46052191485944,6344.4,26.824545778876093,-350.39999999999964,0.6359761359833485,-0.14,0.63
PA,2024,1,11505.6,26.773608990569144,10339.92,26.020280172585593,1165.6800000000003,0.7533288179835509,2.7,2.7
PA,2024,2,11160.0,26.478759666671266,11432.240000000002,25.954437880714664,-272.2400000000016,0.5243217859566016,3.65,0.92
PA,2024,3,16877.6,26.590858830828864,13345.920000000002,25.820644213917735,3531.6799999999967,0.7702146169111295,5.01,1.32
PA,2024,4,16664.0,26.60455831716953,10303.76,26.177014389292584,6360.24,0.42754392787694684,5.83,0.77
PA,2024,5,8033.2,27.212126871834915,6396.5599999999995,26.56589934986036,1636.6400000000003,0.6462275219745557,4.9,-0.88
PA,2024,6,3009.2,27.11045653294413,2794.0,26.556112763924155,215.19999999999982,0.554343769019976,4.03,-0.83
PA,2024,7,1109.6,27.256040058331582,1527.44,26.862693949817242,-417.84000000000015,0.39334610851433993,3.34,-0.66
PA,2024,8,1097.2,27.68520817010661,1210.8799999999999,27.633332686366703,-113.67999999999984,0.0518754837399058,2.72,-0.6
PA,2024,9,574.0,28.873390665988328,1321.84,28.219228501679687,-747.8399999999999,0.6541621643086408,2.38,-0.33
PA,2024,10,2297.6,28.40875382069418,2338.7200000000003,28.22560912194293,-41.120000000000346,0.18314469875124928,3.46,1.06
PA,2024,11,3590.8,28.093241157834733,4355.76,27.45917438050708,-764.96,0.6340667773276536,6.05,2.51
PA,2024,12,8078.0,27.050534503424068,6344.4,26.824545778876093,1733.6000000000004,0.22598872454797458,7.93,1.77
PR,2020,1,7173.2,23.521945942739745,7036.719999999999,23.492844475052813,136.48000000000047,0.02910146768693167,-0.21,-0.21
PR,2020,2,6038.0,23.294708062801107,5110.4,23.399215224553252,927.6000000000004,-0.1045071617521458,-0.28,-0.07
PR,2020,3,2030.0,23.06107005140028,3732.56,23.257629509856407,-1702.56,-0.19655945845612877,1.34,1.63
PR,2020,4,1733.6,20.047088082240435,3317.4399999999996,20.488480120476375,-1583.8399999999997,-0.4413920382359393,1.84,0.49
PR,2020,5,4242.8,16.861039472276772,3069.2,17.657631690936693,1173.6000000000004,-0.7965922186599208,1.72,-0.12
PR,2020,6,6001.6,17.97077024239577,3062.32,17.031504298321487,2939.28,0.9392659440742825,2.92,1.18
PR,2020,7,1466.8,16.65458592454864,1887.0400000000002,16.776160665843125,-420.24000000000024,-0.12157474129448431,3.12,0.2
PR,2020,8,5743.2,17.46103368281594,2900.2400000000002,17.90580143940544,2842.9599999999996,-0.4447677565894992,4.56,1.4
PR,2020,9,1020.0,21.64679291990926,3652.88,20.711961779304964,-2632.88,0.9348311406042953,6.63,1.98
PR,2020,10,2827.6,22.25629507682726,7823.68,21.070889118269747,-4996.08,1.1854059585575136,8.97,2.2
PR,2020,11,2993.6,22.140990358759137,4991.36,22.10709307521467,-1997.7599999999998,0.03389728354446575,11.23,2.07
PR,2020,12,5276.0,22.991761437652144,6234.8,23.379288737627654,-958.8000000000002,-0.3875272999755097,13.04,1.63
PR,2021,1,8275.6,22.76484122397468,7036.719999999999,23.492844475052813,1238.880000000001,-0.7280032510781318,1.53,1.53
PR,2021,2,2074.4,22.4916974941901,5110.4,23.399215224553252,-3035.9999999999995,-0.9075177303631534,1.37,-0.16
PR,2021,3,3390.4,22.8711346114573,3732.56,23.257629509856407,-342.15999999999985,-0.386494898399107,2.35,0.96
PR,2021,4,475.6,19.325672486713593,3317.4399999999996,20.488480120476375,-2841.8399999999997,-1.1628076337627817,2.35,0.0
PR,2021,5,1771.6,17.073787971901865,3069.2,17.657631690936693,-1297.6,-0.583843719034828,3.0,0.64
PR,2021,6,1786.0,15.416905568711131,3062.32,17.031504298321487,-1276.3200000000002,-1.6145987296103552,3.4,0.39
PR,2021,7,553.1999999999999,14.329355021223153,1887.0400000000002,16.776160665843125,-1333.8400000000001,-2.446805644619973,5.63,2.16
PR,2021,8,1125.6,18.485482468573476,2900.2400000000002,17.90580143940544,-1774.6400000000003,0.5796810291680359,6.44,0.77
PR,2021,9,1403.2,21.28741383335227,3652.88,20.711961779304964,-2249.6800000000003,0.5754520540473074,7.74,1.22
PR,2021,10,4801.2,19.408211019621007,7823.68,21.070889118269747,-3022.4800000000005,-1.6626780986487404,8.74,0.93
PR,2021,11,1410.8,22.917887265834217,4991.36,22.10709307521467,-3580.5599999999995,0.8107941906195464,8.64,-0.09
PR,2021,12,1568.8,24.26780103725934,6234.8,23.379288737627654,-4666.0,0.8885122996316852,8.95,0.28
PR,2022,1,4980.8,24.42131533557205,7036.719999999999,23.492844475052813,-2055.919999999999,0.9284708605192371,1.14,1.14
PR,2022,2,2334.0,24.355663284669074,5110.4,23.399215224553252,-2776.3999999999996,0.9564480601158216,2.59,1.43
PR,2022,3,4905.6,22.920299006548092,3732.56,23.257629509856407,1173.0400000000004,-0.3373305033083156,5.14,2.48
PR,2022,4,3582.7999999999997,20.183214514954535,3317.4399999999996,20.488480120476375,265.3600000000001,-0.30526560552183923,7.33,2.09
PR,2022,5,2859.2,16.3831254251832,3069.2,17.657631690936693,-210.0,-1.2745062657534945,8.15,0.77
PR,2022,6,2361.2,16.215978879085966,3062.32,17.031504298321487,-701.1200000000003,-0.8155254192355201,8.96,0.74
PR,2022,7,323.6,19.353040146841717,1887.0400000000002,16.776160665843125,-1563.44,2.576879480998592,10.33,1.26
PR,2022,8,2422.0,17.20188702351445,2900.2400000000002,17.90580143940544,-478.24000000000024,-0.703914415890992,10.76,0.39
PR,2022,9,6899.2,16.791422921443093,3652.88,20.711961779304964,3246.3199999999997,-3.920538857861871,10.48,-0.25
PR,2022,10,10164.4,20.024920428167377,7823.68,21.070889118269747,2340.7199999999993,-1.0459686901023701,10.92,0.4
PR,2022,11,4092.0,19.856017859099435,4991.36,22.10709307521467,-899.3599999999997,-2.251075216115236,10.91,-0.01
PR,2022,12,6178.8,23.051288097636018,6234.8,23.379288737627654,-56.0,-0.328000639991636,11.44,0.47
PR,2023,1,8122.4,23.07635762951249,7036.719999999999,23.492844475052813,1085.6800000000003,-0.416486845540323,-0.18,-0.18
PR,2023,2,9154.0,22.41829845981551,5110.4,23.399215224553252,4043.6000000000004,-0.9809167647377421,0.31,0.49
PR,2023,3,5026.0,23.469264553533282,3732.56,23.257629509856407,1293.44,0.2116350436768748,0.7,0.39
PR,2023,4,5123.2,20.244965241099944,3317.4399999999996,20.488480120476375,1805.7600000000002,-0.24351487937643057,1.19,0.48
PR,2023,5,2122.0,18.270952598319155,3069.2,17.657631690936693,-947.1999999999998,0.6133209073824624,1.65,0.45
PR,2023,6,3559.6,16.341847207920658,3062.32,17.031504298321487,497.27999999999975,-0.6896570904008286,0.78,-0.86
PR,2023,7,3558.0,17.118698038087956,1887.0400000000002,16.776160665843125,1670.9599999999998,0.3425373722448306,0.98,0.2
PR,2023,8,3694.8,18.401029404086366,2900.2400000000002,17.90580143940544,794.56,0.4952279646809252,-0.42,-1.38
PR,2023,9,5098.0,21.74045352266895,3652.88,20.711961779304964,1445.12,1.0284917433639862,-1.01,-0.6
PR,2023,10,15486.8,21.508851688466585,7823.68,21.070889118269747,7663.119999999999,0.43796257019683793,-0.82,0.2
PR,2023,11,8683.6,22.718673684480954,4991.36,22.10709307521467,3692.2400000000007,0.6115806092662837,0.05,0.88
PR,2023,12,5856.4,24.173057754020334,6234.8,23.379288737627654,-378.40000000000055,0.7937690163926803,0.97,0.92
PR,2024,1,6631.6,23.679762243465103,7036.719999999999,23.492844475052813,-405.119999999999,0.18691776841228958,1.5,1.5
PR,2024,2,5951.6,24.43570882129047,5110.4,23.399215224553252,841.2000000000007,1.0364935967372162,1.89,0.39
PR,2024,3,3310.8,23.966379326343095,3732.56,23.257629509856407,-421.75999999999976,0.7087498164866872,1.98,0.09
PR,2024,4,5672.0,22.64146027737335,3317.4399999999996,20.488480120476375,2354.5600000000004,2.1529801568969766,2.75,0.75
PR,2024,5,4350.4,19.699252987002474,3069.2,17.657631690936693,1281.1999999999998,2.041621296065781,3.24,0.48
PR,2024,6,1603.2,19.212019593493896,3062.32,17.031504298321487,-1459.1200000000001,2.180515295172409,4.24,0.97
PR,2024,7,3533.6,16.42512419851416,1887.0400000000002,16.776160665843125,1646.5599999999997,-0.3510364673289672,3.26,-0.94
PR,2024,8,1515.6000000000001,17.979574618036963,2900.2400000000002,17.90580143940544,-1384.64,0.073773178631523,3.04,-0.21
PR,2024,9,3844.0,22.093725699151236,3652.88,20.711961779304964,191.1199999999999,1.3817639198462714,4.31,1.23
PR,2024,10,5838.4,22.156167378266506,7823.68,21.070889118269747,-1985.2800000000007,1.085278259996759,5.32,0.97
PR,2024,11,7776.8,22.901896207899618,4991.36,22.10709307521467,2785.4400000000005,0.7948031326849474,6.62,1.23
PR,2024,12,12294.0,22.412535361570438,6234.8,23.379288737627654,6059.2,-0.9667533760572162,7.21,0.56
RS,2020,1,12350.4,23.407266698526374,10623.84,23.85529872910559,1726.5599999999995,-0.4480320305792169,0.53,0.53
RS,2020,2,5631.2,22.711369617544012,7875.839999999999,23.223548838335454,-2244.6399999999994,-0.5121792207914417,1.01,0.48
RS,2020,3,2904.8,23.318599038139478,9883.92,22.428922568083486,-6979.12,0.889676470055992,1.59,0.58
RS,2020,4,3946.4,18.6428953114483,9992.72,19.04930813300835,-6046.32,-0.40641282156004976,4.33,2.7
RS,2020,5,12849.6,15.359887853314502,16264.720000000001,14.98581024178242,-3415.120000000001,0.37407761153208163,4.73,0.38
RS,2020,6,15293.6,14.92354887350346,12784.0,14.069256129048929,2509.6000000000004,0.854292744454531,4.74,0.01
RS,2020,7,13282.8,12.524569089829587,8973.2,13.379137551962879,4309.5999999999985,-0.8545684621332921,4.77,0.03
RS,2020,8,6392.0,15.11901161817007,7520.32,14.763821963340789,-1128.3199999999997,0.35518965482928166,4.88,0.1
RS,2020,9,10464.4,16.327900694996575,15648.560000000001,16.61033273263083,-5184.160000000002,-0.28243203763425484,7.05,2.08
RS,2020,10,4938.8,19.192401015425748,11591.28,18.345809328188654,-6652.4800000000005,0.846591687237094,8.9,1.72
RS,2020,11,5223.2,20.963623603545297,9717.76,20.79561444352785,-4494.56,0.1680091600174478,11.48,2.37
RS,2020,12,7711.6,22.67119774335231,9004.880000000001,22.464623648998774,-1293.2800000000007,0.20657409435353458,14.38,2.6
RS,2021,1,15496.4,23.10178310547525,10623.84,23.85529872910559,4872.5599999999995,-0.7535156236303422,0.65,0.65
RS,2021,2,8326.4,22.03882492405227,7875.839999999999,23.223548838335454,450.5600000000004,-1.1847239142831825,1.59,0.94
RS,2021,3,10476.4,21.543740018961067,9883.92,22.428922568083486,592.4799999999996,-0.885182549122419,1.68,0.09
RS,2021,4,3232.4,19.381682921111054,9992.72,19.04930813300835,-6760.32,0.3323747881027046,2.33,0.63
RS,2021,5,10888.8,13.984772074983805,16264.720000000001,14.98581024178242,-5375.920000000002,-1.0010381667986152,3.11,0.77
RS,2021,6,10960.0,12.733692270867133,12784.0,14.069256129048929,-1824.0,-1.3355638581817963,4.2,1.05
RS,2021,7,2589.6,12.39695856765374,8973.2,13.379137551962879,-6383.6,-0.9821789843091384,4.66,0.44
RS,2021,8,6153.2,15.311973083463823,7520.32,14.763821963340789,-1367.12,0.548151120123034,5.9,1.18
RS,2021,9,12692.0,17.056970471982183,15648.560000000001,16.61033273263083,-2956.5600000000013,0.44663773935135254,6.27,0.35
RS,2021,10,7861.2,18.22719235803335,11591.28,18.345809328188654,-3730.080000000001,-0.11861697015530481,6.27,0.01
RS,2021,11,4678.0,20.90774026735038,9717.76,20.79561444352785,-5039.76,0.11212582382253089,6.18,-0.08
RS,2021,12,3324.0,22.801137712037903,9004.880000000001,22.464623648998774,-5680.880000000001,0.3365140630391288,6.63,0.42
RS,2022,1,7856.8,25.394373137550183,10623.84,23.85529872910559,-2767.04,1.5390744084445913,0.35,0.35
RS,2022,2,7382.8,23.773784819288597,7875.839999999999,23.223548838335454,-493.03999999999905,0.5502359809531434,1.78,1.43
RS,2022,3,12112.0,20.97212557251567,9883.92,22.428922568083486,2228.08,-1.4567969955678173,5.02,3.18
RS,2022,4,14431.2,18.173285316144487,9992.72,19.04930813300835,4438.480000000001,-0.8760228168638626,7.5,2.36
RS,2022,5,12127.2,13.82142619535618,16264.720000000001,14.98581024178242,-4137.52,-1.1643840464262407,8.89,1.29
RS,2022,6,11586.0,11.73599893084341,12784.0,14.069256129048929,-1198.0,-2.3332571982055192,10.28,1.28
RS,2022,7,10107.6,15.55393688771956,8973.2,13.379137551962879,1134.3999999999996,2.1747993357566813,12.71,2.2
RS,2022,8,8174.4,13.454515802854397,7520.32,14.763821963340789,654.0799999999999,-1.3093061604863916,12.02,-0.61
RS,2022,9,5689.6,14.465866396130018,15648.560000000001,16.61033273263083,-9958.960000000001,-2.1444663365008125,11.33,-0.61
RS,2022,10,10012.0,17.2434770474284,11591.28,18.345809328188654,-1579.2800000000007,-1.1023322807602547,12.5,1.05
RS,2022,11,4879.6,19.836908301007586,9717.76,20.79561444352785,-4838.16,-0.9587061425202634,13.13,0.57
RS,2022,12,6425.2,23.101464540342203,9004.880000000001,22.464623648998774,-2579.680000000001,0.6368408913434287,12.61,-0.46
RS,2023,1,6122.0,24.68353243526802,10623.84,23.85529872910559,-4501.84,0.828233706162429,-0.02,-0.02
RS,2023,2,7853.6,23.30312355690279,7875.839999999999,23.223548838335454,-22.239999999998872,0.07957471856733633,0.41,0.43
RS,2023,3,10666.8,23.820993535614768,9883.92,22.428922568083486,782.8799999999992,1.3920709675312821,1.02,0.6
RS,2023,4,4244.0,18.691259361117282,9992.72,19.04930813300835,-5748.719999999999,-0.35804877189106676,2.2,1.17
RS,2023,5,13608.4,16.777660580833253,16264.720000000001,14.98581024178242,-2656.3200000000015,1.791850339050832,1.97,-0.23
RS,2023,6,10249.6,14.780927082352212,12784.0,14.069256129048929,-2534.3999999999996,0.7116709533032832,1.42,-0.54
RS,2023,7,13919.2,14.079674502806187,8973.2,13.379137551962879,4946.0,0.7005369508433077,0.97,-0.44
RS,2023,8,6561.6,15.505617081325877,7520.32,14.763821963340789,-958.7199999999993,0.7417951179850881,-0.15,-1.11
RS,2023,9,34934.0,17.30835303203864,15648.560000000001,16.61033273263083,19285.44,0.6980202994078084,-0.98,-0.83
RS,2023,10,22384.0,17.67951748095764,11591.28,18.345809328188654,10792.72,-0.6662918472310153,-1.36,-0.38
RS,2023,11,25908.0,20.523557201063856,9717.76,20.79561444352785,16190.24,-0.272057242463994,-0.62,0.75
RS,2023,12,15534.4,22.726957629597074,9004.880000000001,22.464623648998774,6529.519999999999,0.2623339805982994,-0.05,0.58
RS,2024,1,11293.6,22.68953826870814,10623.84,23.85529872910559,669.7600000000002,-1.1657604603974505,1.06,1.06
RS,2024,2,10185.2,24.29064127388959,7875.839999999999,23.223548838335454,2309.3600000000015,1.0670924355541374,1.77,0.7
RS,2024,3,13259.6,22.48915467518646,9883.92,22.428922568083486,3375.6800000000003,0.060232107102972776,1.91,0.13
RS,2024,4,24109.6,20.35741775522062,9992.72,19.04930813300835,14116.88,1.308109622212271,2.76,0.84
RS,2024,5,31849.6,14.98530450442436,16264.720000000001,14.98581024178242,15584.879999999997,-0.0005057373580612534,5.46,2.63
RS,2024,6,15830.8,16.17211348767843,12784.0,14.069256129048929,3046.7999999999993,2.1028573586295014,4.91,-0.52
RS,2024,7,4966.8,12.340548711805313,8973.2,13.379137551962879,-4006.4000000000005,-1.0385888401575656,3.21,-1.62
RS,2024,8,10320.4,14.427992230889782,7520.32,14.763821963340789,2800.08,-0.3358297324510069,2.43,-0.76
RS,2024,9,14462.8,17.89257306800673,15648.560000000001,16.61033273263083,-1185.760000000002,1.2822403353758993,2.3,-0.12
RS,2024,10,12760.4,19.386458739098124,11591.28,18.345809328188654,1169.119999999999,1.0406494109094702,2.47,0.16
RS,2024,11,7900.0,21.746242844672135,9717.76,20.79561444352785,-1817.7600000000002,0.9506284011442858,3.19,0.71
RS,2024,12,12029.2,21.022360619664386,9004.880000000001,22.464623648998774,3024.3199999999997,-1.4422630293343879,3.83,0.62
SP,2020,1,16590.8,23.324020743166518,13117.920000000002,24.175895511351044,3472.8799999999974,-0.8518747681845262,0.33,0.33
SP,2020,2,21286.8,22.21574710502587,12038.72,24.000879706626502,9248.08,-1.7851326016006333,-0.01,-0.34
SP,2020,3,6404.4,21.89579424754884,8460.16,24.01557398686329,-2055.76,-2.1197797393144526,1.37,1.38
SP,2020,4,1756.8,20.241811011269775,3938.88,22.025791237672273,-2182.08,-1.7839802264024982,3.34,1.95
SP,2020,5,1837.2,17.435111345506208,2482.4,19.50665731838656,-645.2,-2.071545972880351,3.33,-0.02
SP,2020,6,4169.2,18.882405995382623,2681.92,18.74824317612673,1487.2799999999997,0.13416281925589146,3.94,0.59
SP,2020,7,599.6,18.467355523207708,1114.48,18.623692423509965,-514.88,-0.15633690030225722,3.75,-0.18
SP,2020,8,2755.2,18.40208480640548,2356.96,19.836980267054088,398.2399999999998,-1.4348954606486082,4.98,1.19
SP,2020,9,967.6,22.82554580260248,2944.96,22.95036246581003,-1977.3600000000001,-0.12481666320755025,6.82,1.76
SP,2020,10,3815.6,22.929003346725555,8244.24,22.872536879670147,-4428.639999999999,0.05646646705540803,8.59,1.66
SP,2020,11,3820.0,22.648781580980735,7650.88,23.291373221403376,-3830.88,-0.6425916404226406,11.56,2.74
SP,2020,12,9895.2,23.575053018867443,10452.64,24.037355384117955,-557.4399999999987,-0.4623023652505118,12.98,1.27
SP,2021,1,7513.2,25.206977187290615,13117.920000000002,24.175895511351044,-5604.720000000002,1.0310816759395713,0.79,0.79
SP,2021,2,5809.2,24.413211960278364,12038.72,24.000879706626502,-6229.5199999999995,0.41233225365186144,1.44,0.65
SP,2021,3,5113.6,24.784070234498824,8460.16,24.01557398686329,-3346.5599999999995,0.7684962476355324,1.32,-0.12
SP,2021,4,1552.4,22.27437710231257,3938.88,22.025791237672273,-2386.48,0.24858586464029742,1.76,0.43
SP,2021,5,1297.2,20.65758796500682,2482.4,19.50665731838656,-1185.2,1.1509306466202602,2.01,0.24
SP,2021,6,1416.0,19.10372114578771,2681.92,18.74824317612673,-1265.92,0.3554779696609778,2.51,0.49
SP,2021,7,460.0,17.65709394999326,1114.48,18.623692423509965,-654.48,-0.9665984735167044,2.63,0.11
SP,2021,8,399.6,21.521575220812682,2356.96,19.836980267054088,-1957.3600000000001,1.6845949537585945,4.93,2.24
SP,2021,9,842.0,24.718545323061807,2944.96,22.95036246581003,-2102.96,1.7681828572517766,6.12,1.13
SP,2021,10,5424.4,22.237511085301744,8244.24,22.872536879670147,-2819.84,-0.6350257943684028,7.45,1.26
SP,2021,11,4452.0,24.267216875770103,7650.88,23.291373221403376,-3198.88,0.9758436543667273,7.16,-0.27
SP,2021,12,4584.4,24.587200961247582,10452.64,24.037355384117955,-5868.24,0.5498455771296271,8.05,0.84
SP,2022,1,9430.8,24.81295550134035,13117.920000000002,24.175895511351044,-3687.1200000000026,0.6370599899893072,0.98,0.98
SP,2022,2,4674.4,25.101481267528975,12038.72,24.000879706626502,-7364.32,1.1006015609024722,2.06,1.07
SP,2022,3,8376.4,24.97710899697381,8460.16,24.01557398686329,-83.76000000000022,0.96153501011052,4.7,2.59
SP,2022,4,3676.4,22.642145977113582,3938.88,22.025791237672273,-262.48,0.6163547394413094,7.16,2.35
SP,2022,5,3129.6,18.584580890886325,2482.4,19.50665731838656,647.1999999999998,-0.9220764275002331,7.78,0.58
SP,2022,6,2698.4,17.979140021898527,2681.92,18.74824317612673,16.480000000000018,-0.7691031542282047,9.05,1.18
SP,2022,7,488.0,19.726336488979463,1114.48,18.623692423509965,-626.48,1.102644065469498,10.58,1.4
SP,2022,8,3053.6,19.016442358335993,2356.96,19.836980267054088,696.6399999999999,-0.8205379087180944,11.06,0.43
SP,2022,9,7907.2,19.46034649254922,2944.96,22.95036246581003,4962.24,-3.4900159732608103,9.65,-1.27
SP,2022,10,8864.8,22.31834923495152,8244.24,22.872536879670147,620.5599999999995,-0.5541876447186276,10.7,0.96
SP,2022,11,8924.8,21.264848648564502,7650.88,23.291373221403376,1273.9199999999992,-2.0265245728388734,10.86,0.15
SP,2022,12,17971.2,22.901270712183894,10452.64,24.037355384117955,7518.560000000001,-1.1360846719340607,11.72,0.77
SP,2023,1,18365.2,23.064966400046398,13117.920000000002,24.175895511351044,5247.279999999999,-1.110929111304646,0.76,0.76
SP,2023,2,17623.2,23.515526534236912,12038.72,24.000879706626502,5584.480000000001,-0.4853531723895905,1.14,0.38
SP,2023,3,12608.8,23.77496419727959,8460.16,24.01557398686329,4148.639999999999,-0.24060978958370072,1.23,0.1
SP,2023,4,8710.0,21.30694671449774,3938.88,22.025791237672273,4771.12,-0.718844523174532,2.29,1.05
SP,2023,5,3373.6,19.239819724732133,2482.4,19.50665731838656,891.1999999999998,-0.26683759365442583,2.72,0.41
SP,2023,6,4558.8,17.55619122217172,2681.92,18.74824317612673,1876.88,-1.192051953955012,2.08,-0.62
SP,2023,7,1362.4,18.418380914745534,1114.48,18.623692423509965,247.92000000000007,-0.2053115087644315,1.59,-0.48
SP,2023,8,3007.6,20.45438916503649,2356.96,19.836980267054088,650.6399999999999,0.6174088979824006,0.83,-0.75
SP,2023,9,3365.6,23.766840642249747,2944.96,22.95036246581003,420.6399999999999,0.8164781764397162,0.12,-0.7
SP,2023,10,15647.6,23.38858524609245,8244.24,22.872536879670147,7403.360000000001,0.5160483664223037,0.83,0.71
SP,2023,11,9743.6,24.692186942123413,7650.88,23.291373221403376,2092.7200000000003,1.4008137207200377,1.42,0.59
SP,2023,12,6847.2,25.411461250467454,10452.64,24.037355384117955,-3605.4399999999996,1.374105866349499,2.41,0.98
SP,2024,1,13689.6,24.47055772491134,13117.920000000002,24.175895511351044,571.6799999999985,0.2946622135602972,0.74,0.74
SP,2024,2,10800.0,24.758431666062396,12038.72,24.000879706626502,-1238.7199999999993,0.7575519594358937,1.91,1.17
SP,2024,3,9797.6,24.645932258015392,8460.16,24.01557398686329,1337.4400000000005,0.630358271152101,2.53,0.61
SP,2024,4,3998.8,23.663675383167686,3938.88,22.025791237672273,59.92000000000007,1.6378841454954127,3.42,0.87
SP,2024,5,2774.4,21.61618666580131,2482.4,19.50665731838656,292.0,2.109529347414753,3.89,0.46
SP,2024,6,567.2,20.21975749539308,2681.92,18.74824317612673,-2114.7200000000003,1.4715143192663476,4.7,0.78
SP,2024,7,2662.4,18.849295240623853,1114.48,18.623692423509965,1547.92,0.22560281711388797,3.94,-0.72
SP,2024,8,2568.8,19.790409784679795,2356.96,19.836980267054088,211.84000000000015,-0.04657048237429251,3.81,-0.13
SP,2024,9,1642.4,23.980534068586895,2944.96,22.95036246581003,-1302.56,1.0301716027768641,4.44,0.6
SP,2024,10,7468.8,23.489235485279472,8244.24,22.872536879670147,-775.4399999999996,0.6166986056093258,5.86,1.37
SP,2024,11,11314.0,23.583832059578118,7650.88,23.291373221403376,3663.12,0.29245883817474194,7.36,1.41
SP,2024,12,12965.2,23.7117909778234,10452.64,24.037355384117955,2512.5600000000013,-0.3255644062945535,8.83,1.37
TO,2020,1,11279.6,25.69753613772451,7088.24,25.968123228618833,4191.360000000001,-0.270587090894324,0.39,0.39
TO,2020,2,9466.4,25.76985296051509,6329.44,26.045448619648436,3136.96,-0.2755956591333444,0.5,0.11
TO,2020,3,10320.4,25.521097308957888,6620.639999999999,26.15632274140068,3699.76,-0.6352254324427911,1.63,1.13
TO,2020,4,7968.8,25.9003003798327,4302.8,26.512794103413807,3666.0,-0.6124937235811068,3.45,1.79
TO,2020,5,1653.2,25.896072616476232,762.24,26.424725102245976,890.96,-0.5286524857697437,3.7,0.24
TO,2020,6,43.6,25.19870709280131,109.44000000000001,25.9298530359535,-65.84,-0.731145943152189,4.09,0.38
TO,2020,7,2.0,25.215283177581746,16.799999999999997,25.729151444670016,-14.799999999999997,-0.5138682670882702,4.1,0.01
TO,2020,8,15.6,27.05511101662386,198.07999999999998,27.413690835993094,-182.48,-0.35857981936923267,4.91,0.78
TO,2020,9,236.4,29.083812628696414,634.88,29.025372025702573,-398.48,0.058440602993840685,7.3,2.28
TO,2020,10,2795.2,28.939450575341183,2663.92,28.566292568544764,131.27999999999975,0.37315800679641953,9.37,1.93
TO,2020,11,3138.0,27.352727935891888,4762.719999999999,26.738142820617895,-1624.7199999999993,0.614585115273993,12.14,2.54
TO,2020,12,3640.0,26.748602957876848,5806.64,26.359192548997147,-2166.6400000000003,0.38941040887970146,14.09,1.74
TO,2021,1,3231.2,26.668880842650058,7088.24,25.968123228618833,-3857.04,0.7007576140312253,1.02,1.02
TO,2021,2,6974.0,25.33042789604652,6329.44,26.045448619648436,644.5600000000004,-0.715020723601917,1.3,0.27
TO,2021,3,3493.6,26.299042714237075,6620.639999999999,26.15632274140068,-3127.0399999999995,0.14271997283639593,1.43,0.13
TO,2021,4,2228.4,26.579201754337706,4302.8,26.512794103413807,-2074.4,0.06640765092389955,1.83,0.4
TO,2021,5,174.79999999999998,26.595399380134605,762.24,26.424725102245976,-587.44,0.17067427788862943,2.28,0.44
TO,2021,6,78.39999999999999,26.65332513421264,109.44000000000001,25.9298530359535,-31.04000000000002,0.7234720982591405,2.72,0.43
TO,2021,7,0.8,26.979574438287383,16.799999999999997,25.729151444670016,-15.999999999999996,1.2504229936173665,3.34,0.6
TO,2021,8,115.60000000000001,29.000612472721656,198.07999999999998,27.413690835993094,-82.47999999999998,1.5869216367285617,4.77,1.39
TO,2021,9,711.6,29.77369768490604,634.88,29.025372025702573,76.72000000000003,0.7483256592034664,5.84,1.02
TO,2021,10,2586.0,28.148004720391995,2663.92,28.566292568544764,-77.92000000000007,-0.41828784815276876,7.08,1.17
TO,2021,11,4675.6,26.36598128828495,4762.719999999999,26.738142820617895,-87.11999999999898,-0.3721615323329459,7.04,-0.04
TO,2021,12,6934.0,26.166510920320032,5806.64,26.359192548997147,1127.3599999999997,-0.19268162867711425,7.94,0.84
TO,2022,1,5186.4,26.196163228541966,7088.24,25.968123228618833,-1901.8400000000001,0.2280399999231335,1.11,1.11
TO,2022,2,3944.4,26.828431461819463,6329.44,26.045448619648436,-2385.0399999999995,0.7829828421710268,2.41,1.28
TO,2022,3,3970.8,26.688975405953865,6620.639999999999,26.15632274140068,-2649.8399999999992,0.5326526645531864,4.89,2.42
TO,2022,4,1787.2,27.216227415428182,4302.8,26.512794103413807,-2515.6000000000004,0.7034333120143756,7.05,2.06
TO,2022,5,430.0,26.578191509822137,762.24,26.424725102245976,-332.24,0.15346640757616115,7.56,0.48
TO,2022,6,422.0,26.427800623547245,109.44000000000001,25.9298530359535,312.56,0.497947587593746,8.42,0.8
TO,2022,7,0.8,25.896872542230838,16.799999999999997,25.729151444670016,-15.999999999999996,0.16772109756082187,9.83,1.3
TO,2022,8,3.6,27.302285574284365,198.07999999999998,27.413690835993094,-194.48,-0.11140526170872889,10.1,0.24
TO,2022,9,1164.8,28.32022251015031,634.88,29.025372025702573,529.92,-0.7051495155522645,9.54,-0.51
TO,2022,10,2160.8,28.35024780243144,2663.92,28.566292568544764,-503.1199999999999,-0.21604476611332402,10.32,0.72
TO,2022,11,6782.0,25.744357428489252,4762.719999999999,26.738142820617895,2019.2800000000007,-0.9937853921286433,10.91,0.53
TO,2022,12,8012.0,25.402178212412547,5806.64,26.359192548997147,2205.3599999999997,-0.9570143365845993,11.64,0.66
TO,2023,1,5126.8,25.393457535488082,7088.24,25.968123228618833,-1961.4399999999996,-0.5746656931307506,0.59,0.59
TO,2023,2,4073.2,26.221351676824646,6329.44,26.045448619648436,-2256.24,0.17590305717621035,0.76,0.16
TO,2023,3,8686.8,25.445052807350322,6620.639999999999,26.15632274140068,2066.16,-0.7112699340503568,0.81,0.05
TO,2023,4,4023.6,26.26556574921675,4302.8,26.512794103413807,-279.2000000000003,-0.24722835419705547,1.53,0.71
TO,2023,5,1359.2,26.481645367283814,762.24,26.424725102245976,596.96,0.05692026503783865,1.69,0.16
TO,2023,6,3.1999999999999997,26.01002008369216,109.44000000000001,25.9298530359535,-106.24000000000001,0.08016704773866223,1.02,-0.66
TO,2023,7,0.0,25.6076314806152,16.799999999999997,25.729151444670016,-16.799999999999997,-0.12151996405481569,0.55,-0.46
TO,2023,8,711.6,27.18009957388851,198.07999999999998,27.413690835993094,513.52,-0.2335912621045857,-0.31,-0.85
TO,2023,9,1003.6,29.207287903233574,634.88,29.025372025702573,368.72,0.1819158775310008,-1.02,-0.71
TO,2023,10,2652.4,28.887951984163873,2663.92,28.566292568544764,-11.519999999999982,0.32165941561910927,-0.7,0.31
TO,2023,11,3620.8,27.594878403789867,4762.719999999999,26.738142820617895,-1141.9199999999992,0.8567355831719716,-0.08,0.63
TO,2023,12,4434.0,27.290639164211548,5806.64,26.359192548997147,-1372.6400000000003,0.9314466152144014,1.03,1.11
TO,2024,1,10617.2,25.884578398689545,7088.24,25.968123228618833,3528.960000000001,-0.0835448299292878,1.38,1.38
TO,2024,2,7189.2,26.077179103036453,6329.44,26.045448619648436,859.7600000000002,0.031730483388017205,2.34,0.95
TO,2024,3,6631.6,26.827445470504248,6620.639999999999,26.15632274140068,10.960000000000946,0.6711227291035691,2.88,0.53
TO,2024,4,5506.0,26.6026752182537,4302.8,26.512794103413807,1203.1999999999998,0.08988111483989414,3.59,0.7
TO,2024,5,194.0,26.572316637513076,762.24,26.424725102245976,-568.24,0.14759153526710023,4.23,0.62
TO,2024,6,0.0,25.359412245514147,109.44000000000001,25.9298530359535,-109.44000000000001,-0.5704407904393527,4.7,0.44
TO,2024,7,80.39999999999999,24.9463955846349,16.799999999999997,25.729151444670016,63.599999999999994,-0.7827558600351168,3.65,-1.0
TO,2024,8,144.0,26.53034554244707,198.07999999999998,27.413690835993094,-54.079999999999984,-0.8833452935460251,3.2,-0.44
TO,2024,9,58.0,28.74183940152654,634.88,29.025372025702573,-576.88,-0.28353262417603275,3.71,0.5
TO,2024,10,3125.2,28.50580776039534,2663.92,28.566292568544764,461.27999999999975,-0.06048480814942536,4.81,1.06
TO,2024,11,5597.2,26.632769046633523,4762.719999999999,26.738142820617895,834.4800000000005,-0.10537377398437187,6.44,1.55
TO,2024,12,6013.2,26.18803149016476,5806.64,26.359192548997147,206.5599999999995,-0.17116105883238575,7.69,1.18
